ADDRESS1,ADDRESS2,CITY,COMPANYID,COMPANYNAME,COMPANYTYPE,COUNTRYID,DATECREATED,DATEUPDATED,DATEUSERFIELDUPDATED,DIVISIONID,EMAIL,FAX,INDUSTRY,PHONE,PRIMARYOWNER,SALES_PIPELINE,STATE,URL,USERID,ZIPCODE,api_fromDate,api_toDate
555 South Flower,9th Floor,Los Angeles,2718906,City National Bank,CLIENT,US,2013-04-15 11:05:42.0,2020-11-20 17:50:25.0,2020-11-20 17:50:25.0,0,,,,2136738761,Candice A Lawson,,CA,,,90071,2020-11-19,2020-11-20
4181 Pleasant Hill rd,ste 200,Duluth,6678795,Tekgroup LLC,Supplier,US,2017-03-14 12:44:02.0,2020-11-19 11:02:36.0,2020-11-19 11:02:36.0,,vasu@tekgroupusa.com,,,7706280536,,,GA,www.tekgroupusa.com,1405578,30096,2020-11-19,2020-11-20
2445 Meadowbrook Pkwy,,Duluth,7964161,Mitec,Propsect,US,2020-11-09 15:29:42.0,2020-11-19 10:02:11.0,2020-11-19 10:02:11.0,0,jskinner@mitecnet.com,, I n s u r a n c e,4703619693,,,GA,,1472018,30096,2020-11-19,2020-11-20
823 Rosenberg Street,,Galveston,7971425,Galveston Water Department,,US,2020-11-19 11:19:41.0,2020-11-19 11:19:41.0,,0,,,,4097973550,,,TX,galvestontx.gov,1418854,77553,2020-11-19,2020-11-20
98 San Jacinto Blvd,,Austin,7971429,Atmosphere,,US,2020-11-19 11:22:08.0,2020-11-19 11:22:08.0,,0,,,,15126751080,,,TX,atmosphere.tv,0,78701,2020-11-19,2020-11-20
21003 Interstate 35,,Kyle,7971430,Hays CISD,,US,2020-11-19 11:23:18.0,2020-11-19 11:23:18.0,,0,,,,12024634860,,,TX,hayscisd.net,0,78640,2020-11-19,2020-11-20
233 N PECOS,STE 520,San Antonio,7971432,BEXAR COUNTY COURTHOUSE,,US,2020-11-19 11:24:33.0,2020-11-19 11:24:33.0,,0,,,,2103356602,,,TX,bexar.org,1454372,78205,2020-11-19,2020-11-20
1464 East Whitestone Boulevard,STE 1001,Cedar Park,7971433,"MAGRABBIT, INC",,US,2020-11-19 11:24:56.0,2020-11-19 11:24:56.0,,0,,,,15124851082,,,TX,magrabbit.com,1406154,78613,2020-11-19,2020-11-20
20 Church Street,,Hartford,7971435,NEOS,,US,2020-11-19 11:25:05.0,2020-11-19 11:25:05.0,,0,,,,18605195601,,,CT,neosllc.com,1450080,06103,2020-11-19,2020-11-20
6136 Frisco Square Boulevard,,Frisco,7971436,Meritize,,US,2020-11-19 11:25:14.0,2020-11-19 11:25:14.0,,0,,,,18446374849,,,TX,meritize.com,1455993,75034,2020-11-19,2020-11-20
16200 Park Row Drive,,Houston,7971437,IPT Global,,US,2020-11-19 11:25:20.0,2020-11-19 11:25:20.0,,0,,,,,,,TX,3ipt.com,1446533,77084,2020-11-19,2020-11-20
210 East 86th Street,,New York,7971438,"Advantage Testing, Inc.",,US,2020-11-19 11:25:28.0,2020-11-19 11:25:28.0,,0,,,,12127448800,,,NY,advantagetesting.com,1450080,10028,2020-11-19,2020-11-20
320 Hemphill Street,,Fort Worth,7971439,CCRA,,US,2020-11-19 11:25:45.0,2020-11-19 11:25:45.0,,0,,,,6822330909,,,TX,ccra.com,0,76104,2020-11-19,2020-11-20
1120 South Capital of Texas Highway,,Austin,7971440,"Coherent Logix, Incorporated",,US,2020-11-19 11:25:52.0,2020-11-19 11:25:52.0,,0,,,,5123828940,,,TX,coherentlogix.com,0,78746,2020-11-19,2020-11-20
901 South MoPac Expressway,STE 250,Austin,7971441,Dropoff,,US,2020-11-19 11:25:57.0,2020-11-19 11:25:57.0,,0,,,,15123635242,,,TX,dropoff.com,0,78746,2020-11-19,2020-11-20
211 North Ervay Street,Suite 110,Dallas,7971442,Panamplify,,US,2020-11-19 11:26:00.0,2020-11-19 11:26:00.0,,0,,,,9143094191,,,TX,panamplify.com,0,75201,2020-11-19,2020-11-20
661 N Plano Rd,,Richardson,7971443,Entouch Controls,,US,2020-11-19 11:26:04.0,2020-11-19 11:26:04.0,,0,,,,12145017921,,,TX,entouchcontrols.com,0,75081,2020-11-19,2020-11-20
401 Congress Avenue,,Austin,7971445,Vista Equity Partners,,US,2020-11-19 11:26:16.0,2020-11-19 11:26:16.0,,0,,,,14157657017,,,TX,vepcg.com,0,78701,2020-11-19,2020-11-20
5555 North Beach Street,,Fort Worth,7971446,OpenRoad Lending,,US,2020-11-19 11:26:20.0,2020-11-19 11:26:20.0,,0,,,,8885363024,,,TX,openroadlending.com,0,76137,2020-11-19,2020-11-20
17950 Preston Road,Suite 400,Dallas,7971447,COLUMBIA ADVISORY GROUP,,US,2020-11-19 11:27:28.0,2020-11-19 11:27:28.0,,0,,,,2149889950,,,TX,columbiaadvisory.com,0,75252,2020-11-19,2020-11-20
,,,7971448,gssmail.com,,US,2020-11-19 11:27:44.0,2020-11-19 11:27:44.0,,0,,,,,,,,gssmail.com,1450080,,2020-11-19,2020-11-20
48 EAST AVE,,Austin,7971449,Cerebri AI,,US,2020-11-19 11:29:06.0,2020-11-19 11:29:06.0,,0,,,,2512373274,,,ON,cerebri.com,0,78701,2020-11-19,2020-11-20
1431 Greenway Drive,,Irving,7971450,Teknion Data Solutions,,US,2020-11-19 11:29:10.0,2020-11-19 11:29:10.0,,0,,,,2146147600,,,TX,teknionusa.com,0,75038,2020-11-19,2020-11-20
10335 U.S. 290,,Manor,7971451,Manor Independent School District,,US,2020-11-19 11:29:14.0,2020-11-19 11:29:14.0,,0,,,,5122784850,,,TX,manorisd.net,0,78653,2020-11-19,2020-11-20
1617 West Crosby Road,Suite 100,Carrollton,7971452,YellowFolder LLC,,US,2020-11-19 11:29:18.0,2020-11-19 11:29:18.0,,0,,,,2144313626,,,TX,yellowfolder.com,0,75006,2020-11-19,2020-11-20
2438 Boardwalk Street,,San Antonio,7971453,commZoom,,US,2020-11-19 11:29:27.0,2020-11-19 11:29:27.0,,0,,,,18448588500,,,TX,commzoom.com,0,78217,2020-11-19,2020-11-20
98 San Jacinto Boulevard,STE 160,Austin,7971454,Resignation Media,,US,2020-11-19 11:29:31.0,2020-11-19 11:29:31.0,,0,,,,5125273500,,,TX,resignation.com,0,78701,2020-11-19,2020-11-20
212 East Franklin Street,,Grapevine,7971455,STW Inc.,,US,2020-11-19 11:29:35.0,2020-11-19 11:29:35.0,,0,,,,8173291711,,,TX,stwinc.net,0,76051,2020-11-19,2020-11-20
1800 POST OAK BLVD,STE 450,Houston,7971456,NexTier Oilfield Solutions Inc.,,US,2020-11-19 11:29:51.0,2020-11-19 11:29:51.0,,0,,,,17133256000,,,TX,nextierofs.com,0,77042,2020-11-19,2020-11-20
108 Wild Basin Rd,Moss Lane,West Lake Hills,7971457,Safeguard World International LLC,,US,2020-11-19 11:29:58.0,2020-11-19 11:29:58.0,,0,,,,7377042200,,,TX,safeguardworld.com,0,78746,2020-11-19,2020-11-20
4100 Spring Valley Road,STE 720,Dallas,7971458,Copper Mobile,,US,2020-11-19 11:30:07.0,2020-11-19 11:30:07.0,,0,,,,9725286628,,,TX,coppermobile.com,0,75244,2020-11-19,2020-11-20
2323 Bryan Street,STE 2300,Dallas,7971459,"Vergent Communications, LLC",,US,2020-11-19 11:30:11.0,2020-11-19 11:30:11.0,,0,,,,8558374368,,,TX,vergent.net,0,75201,2020-11-19,2020-11-20
11011 Brooklet Dr,STE B,Houston,7971460,Restech,,US,2020-11-19 11:30:14.0,2020-11-19 11:30:14.0,,0,,,,18586733700,,,TX,restech.com,0,77099,2020-11-19,2020-11-20
5914-5918 West Courtyard Drive,"BRIDGEPOINT PLAZA II, STE 190",Austin,7971461,Veros Systems,,US,2020-11-19 11:30:18.0,2020-11-19 11:30:18.0,,0,,,,15126862400,,,TX,verossystems.com,0,78730,2020-11-19,2020-11-20
2435 North Central Expressway,STE 1510,Richardson,7971462,SimpleLTC Inc.,,US,2020-11-19 11:30:25.0,2020-11-19 11:30:25.0,,0,,,,4699162800,,,TX,simpleltc.com,0,75080,2020-11-19,2020-11-20
,,,7971463,digital.ai,,,2020-11-19 11:30:32.0,2020-11-19 11:30:32.0,,0,,,,,,,,digital.ai,0,,2020-11-19,2020-11-20
500 W Bethany Dr,Suite 200,Allen,7971465,"Forte Payment Systems, Inc.",,US,2020-11-19 11:30:36.0,2020-11-19 11:30:36.0,,0,,,,14696759920,,,TX,forte.net,0,75013,2020-11-19,2020-11-20
1205 Sam Bass Road,,Round Rock,7971466,CyberDefenses,,US,2020-11-19 11:30:40.0,2020-11-19 11:30:40.0,,0,,,,5122553700,,,TX,cyberdefenses.com,0,78681,2020-11-19,2020-11-20
12712 Park Central Drive,STE 100,Dallas,7971467,Naturally Slim Inc,,US,2020-11-19 11:30:48.0,2020-11-19 11:30:48.0,,0,,,,19724950548,,,TX,naturallyslim.com,0,75251,2020-11-19,2020-11-20
4303 Russell Dr,,Austin,7971468,"Pingboard, Inc",,US,2020-11-19 11:30:54.0,2020-11-19 11:30:54.0,,0,,,,15125371002,,,TX,pingboard.com,0,78704,2020-11-19,2020-11-20
1214 West 6th Street,,Austin,7971469,OnceThere Inc.,,US,2020-11-19 11:30:58.0,2020-11-19 11:30:58.0,,0,,,,18003116623,,,TX,oncethere.com,0,78703,2020-11-19,2020-11-20
6500 River Place Boulevard,,Austin,7971470,S3 Matching Technologies,,US,2020-11-19 11:31:02.0,2020-11-19 11:31:02.0,,0,,,,5123293245,,,TX,s3.com,0,78730,2020-11-19,2020-11-20
1550 West Walnut Hill Lane,,Irving,7971471,ONE SAFE PLACE,,US,2020-11-19 11:31:06.0,2020-11-19 11:31:06.0,,0,,,,9724658602,,,TX,onesafeplace.com,0,75038,2020-11-19,2020-11-20
85 Tottenham Court Road,Crow Lane East,London,7971472,Blue Prism Limited,,UK,2020-11-19 11:31:10.0,2020-11-19 11:31:10.0,,0,,,,448708793000,,,,blueprism.com,0,78731,2020-11-19,2020-11-20
545 East John Carpenter Freeway,,Irving,7971473,"Nexstar Broadcasting Group, Inc.",,US,2020-11-19 11:31:18.0,2020-11-19 11:31:18.0,,0,,,,19723738800,,,TX,nexstar.tv,0,75062,2020-11-19,2020-11-20
11550 Interstate 10,,San Antonio,7971474,Health Portal Solutions,,US,2020-11-19 11:31:21.0,2020-11-19 11:31:21.0,,0,,,,18554906673,,,TX,hpsglobal.net,0,78230,2020-11-19,2020-11-20
1300 San Patricia Dr,,Pharr,7971475,Lacks Valley Stores Ltd,,US,2020-11-19 11:31:28.0,2020-11-19 11:31:28.0,,0,,,,19567023361,,,TX,lacksvalley.com,0,78521,2020-11-19,2020-11-20
1157 East Church Street,,Livingston,7971476,"Sam Houston Electric Cooperative, Inc.",,US,2020-11-19 11:31:36.0,2020-11-19 11:31:36.0,,0,,,,19363275711,,,TX,samhouston.net,0,77351,2020-11-19,2020-11-20
2727 LBJ FWY,STE 120,Dallas,7971477,Accumatch,,US,2020-11-19 11:31:40.0,2020-11-19 11:31:40.0,,0,,,,2148235579,,,TX,accumatch.com,0,75234,2020-11-19,2020-11-20
15710 John F Kennedy Boulevard,,Houston,7971478,Kraton Corporation,,US,2020-11-19 11:31:49.0,2020-11-19 11:31:49.0,,0,,,,18004572866,,,TX,kraton.com,1418854,77032,2020-11-19,2020-11-20
3700 Bay Area Boulevard,,Houston,7971479,Intuitive Machines,,US,2020-11-19 11:31:53.0,2020-11-19 11:31:53.0,,0,,,,2815203703,,,TX,intuitivemachines.com,0,77058,2020-11-19,2020-11-20
611 Center Ridge Drive,STE 5001,Palm Beach Gardens,7971480,Crossmatch,,US,2020-11-19 11:31:56.0,2020-11-19 11:31:56.0,,0,,,,5616221650,,,FL,crossmatch.com,0,33410,2020-11-19,2020-11-20
13988 Diplomat Drive,,Farmers Branch,7971481,ABP Technology,,US,2020-11-19 11:33:18.0,2020-11-19 11:33:18.0,,0,,,,9728311600,,,TX,abptech.com,0,75234,2020-11-19,2020-11-20
1777 Northeast Interstate 410 Loop,STE 100,San Antonio,7971482,Jefferson Bank,,US,2020-11-19 11:34:40.0,2020-11-19 11:34:40.0,,0,,,,12107367799,,,TX,jeffersonbank.com,0,78217,2020-11-19,2020-11-20
5800 Tennyson Parkway,,Greenville,7971483,criticalmix,,US,2020-11-19 11:34:44.0,2020-11-19 11:34:44.0,,0,,,,4019494010,,,RI,criticalmix.com,0,02828,2020-11-19,2020-11-20
801 Congress Avenue,Suite 330,Austin,7971485,Wide Open Media Group,,US,2020-11-19 11:36:17.0,2020-11-19 11:36:17.0,,0,,,,,,,TX,wideopenmediagroup.com,0,78701,2020-11-19,2020-11-20
4203 Guadalupe Street,2nd Floor,Austin,7971486,ActiveProspect,,US,2020-11-19 11:37:40.0,2020-11-19 11:37:40.0,,0,,,,5122980978,,,TX,activeprospect.com,0,78751,2020-11-19,2020-11-20
333 Clay Street,STE 4200,Houston,7971487,EnVen Energy Corporation,,US,2020-11-19 11:37:49.0,2020-11-19 11:37:49.0,,0,,,,7133357000,,,TX,enven.com,0,77002,2020-11-19,2020-11-20
12001 North Central Expressway,STE 105,Dallas,7971488,ExamSoft,,US,2020-11-19 11:37:52.0,2020-11-19 11:37:52.0,,0,,,,19544298889,,,TX,examsoft.com,0,75244,2020-11-19,2020-11-20
9430 Research Boulevard,,Austin,7971489,Bridge360,,US,2020-11-19 11:37:56.0,2020-11-19 11:37:56.0,,0,,,,5128378798,,,TX,bridge360.com,0,78759,2020-11-19,2020-11-20
13755 Hutton Drive,,Farmers Branch,7971490,"Razberi Technologies, Inc.",,US,2020-11-19 11:38:00.0,2020-11-19 11:38:00.0,,0,,,,4698283380,,,TX,razberi.net,0,75234,2020-11-19,2020-11-20
616 SIX FLAGS DR,,Arlington,7971492,North Central Texas Council of Governments,,US,2020-11-19 11:39:24.0,2020-11-19 11:39:24.0,,0,,,,8176403300,,,TX,nctcog.org,0,76005,2020-11-19,2020-11-20
2 Via Massimiliano Magatti,STE 400,Irving,7971493,BSI Ltd,,US,2020-11-19 11:39:28.0,2020-11-19 11:39:28.0,,0,,,,18148274761,,,TX,bsifinancial.com,0,75038,2020-11-19,2020-11-20
417 COMMERCIAL,PO BOX 1009,Henderson,7971494,"VeraBank, National Association",,US,2020-11-19 11:39:33.0,2020-11-19 11:39:33.0,,0,,,,5122185100,,,TX,cnbtexas.com,0,75652,2020-11-19,2020-11-20
6 Desta Drive,STE 2400,Midland,7971495,West Texas National Bank,,US,2020-11-19 11:39:37.0,2020-11-19 11:39:37.0,,0,,,,4326856500,,,TX,wtnb.com,0,79705,2020-11-19,2020-11-20
3300 North Interstate Highway 35,3RD FL,Austin,7971496,Riskpulse,,US,2020-11-19 11:39:42.0,2020-11-19 11:39:42.0,,0,,,,18006458480,,,TX,riskpulse.com,0,78759,2020-11-19,2020-11-20
177 West Gray Street,,Houston,7971497,SEE Forge Inc,,US,2020-11-19 11:39:53.0,2020-11-19 11:39:53.0,,0,,,,8009871086,,,TX,seeforge.com,0,77019,2020-11-19,2020-11-20
6531 Boeing Dr,,El Paso,7971498,El Paso Independent School District,,US,2020-11-19 11:39:57.0,2020-11-19 11:39:57.0,,0,,,,9152302000,,,TX,episd.org,0,79925,2020-11-19,2020-11-20
1200 East Plano Parkway,,Plano,7971499,Regal Research and Mfg Co,,US,2020-11-19 11:41:24.0,2020-11-19 11:41:24.0,,0,,,,9724940359,,,TX,regalresearch.com,0,75074,2020-11-19,2020-11-20
881 East Hidalgo Avenue,,Raymondville,7971500,VTX1 Companies,,US,2020-11-19 11:41:30.0,2020-11-19 11:41:30.0,,0,,,,9562168100,,,TX,vtx1.net,0,78580,2020-11-19,2020-11-20
715 Oak Park Ave,,Corpus Christi,7971501,"BHP ENGINEERING & CONSTRUCTION, L.P",,US,2020-11-19 11:41:49.0,2020-11-19 11:41:49.0,,0,,,,3616936200,,,TX,bhpeng.com,0,78408,2020-11-19,2020-11-20
12500 SAN PEDRO AVE,STE 120,San Antonio,7971502,Payment Data Systems,,US,2020-11-19 11:41:56.0,2020-11-19 11:41:56.0,,0,,,,12102494100,,,TX,paymentdata.com,0,78216,2020-11-19,2020-11-20
7000 N Mo Pac Expy,STE 425,Austin,7971504,data,,US,2020-11-19 11:43:23.0,2020-11-19 11:43:23.0,,0,,,,19785554244,,,TX,data.world,0,78731,2020-11-19,2020-11-20
12515-7 Research Boulevard,,Austin,7971506,Aurigo Software Technologies Inc.,,US,2020-11-19 11:44:49.0,2020-11-19 11:44:49.0,,0,,,,16318244050,,,TX,aurigo.com,0,78759,2020-11-19,2020-11-20
974 E HARRISON ST,,Brownsville,7971507,County of Cameron,,US,2020-11-19 11:46:18.0,2020-11-19 11:46:18.0,,0,,,,9565440842,,,TX,co.cameron.tx.us,0,78520,2020-11-19,2020-11-20
2450 Holcombe Blvd,STE 720,Houston,7971508,BioLum Sciences LLC,,US,2020-11-19 11:46:24.0,2020-11-19 11:46:24.0,,0,,,,7322847042,,,TX,biolumsciences.com,0,77021,2020-11-19,2020-11-20
15301 Spectrum Drive,,Addison,7971509,Digital Matrix Systems Inc.,,US,2020-11-19 11:46:28.0,2020-11-19 11:46:28.0,,0,,,,9723410000,,,TX,dms.net,0,75001,2020-11-19,2020-11-20
7500 Dallas Pkwy,,Plano,7971510,Altair Global,,US,2020-11-19 11:46:31.0,2020-11-19 11:46:31.0,,0,,,,9724683000,,,TX,altairglobal.com,0,75024,2020-11-19,2020-11-20
821 Woodward Street,,Austin,7971511,Sachem Inc.,,US,2020-11-19 11:46:38.0,2020-11-19 11:46:38.0,,0,,,,5124214900,,,TX,sacheminc.com,0,78704,2020-11-19,2020-11-20
1221 Judson Road,,Longview,7971512,iClassPro Inc.,,US,2020-11-19 11:46:42.0,2020-11-19 11:46:42.0,,0,,,,9037591579,,,TX,iclasspro.com,0,75605,2020-11-19,2020-11-20
9130 Jollyville Road,,Austin,7971513,atsec information security,,US,2020-11-19 11:48:10.0,2020-11-19 11:48:10.0,,0,,,,5126157300,,,TX,atsec.com,0,78759,2020-11-19,2020-11-20
7777 FOREST LN,STE B432,Dallas,7971514,MEDNETWORX,,US,2020-11-19 11:53:18.0,2020-11-19 11:53:18.0,,0,,,,4698548400,,,TX,mednetworx.com,0,75230,2020-11-19,2020-11-20
8012 Shin Oak Drive,,Live Oak,7971515,Judson ISD,,US,2020-11-19 11:53:25.0,2020-11-19 11:53:25.0,,0,,,,2109455346,,,TX,judsonisd.org,0,78233,2020-11-19,2020-11-20
720 N 64th St,P.O.Box 22008,Waco,7971516,Data Systems of Texas,,US,2020-11-19 11:53:32.0,2020-11-19 11:53:32.0,,0,,,,2547726301,,,TX,datasystemstx.com,0,76710,2020-11-19,2020-11-20
600 Congress Avenue,,Austin,7971517,Liveoak Technologies Inc,,US,2020-11-19 11:53:36.0,2020-11-19 11:53:36.0,,0,,,,15125735000,,,TX,liveoak.net,0,78701,2020-11-19,2020-11-20
12900 Preston Road,,Dallas,7971519,Cyber Group,,US,2020-11-19 11:56:18.0,2020-11-19 11:56:18.0,,0,,,,14699167730,,,TX,cygrp.com,0,75230,2020-11-19,2020-11-20
548 Market St,STE 33,San Francisco,7971520,Mailgun,,US,2020-11-19 11:56:22.0,2020-11-19 11:56:22.0,,0,,,,18885718972,,,CA,mailgun.com,1446533,94105,2020-11-19,2020-11-20
701 Brazos Street,,Austin,7971521,CollaborateCloud Inc,,US,2020-11-19 11:57:43.0,2020-11-19 11:57:43.0,,0,,,,,,,TX,collaboratecloud.com,0,78701,2020-11-19,2020-11-20
1477 Drew Avenue,,Davis,7971524,Maintenance Connection,,US,2020-11-19 11:59:30.0,2020-11-19 11:59:30.0,,0,,,,18885673434,,,CA,maintenanceconnection.com,0,95618,2020-11-19,2020-11-20
807 Forest Ridge Dr.,Suite 105,Bedford,7971525,Future Com,,US,2020-11-19 12:00:56.0,2020-11-19 12:00:56.0,,0,,,,8175101100,,,TX,fcltd.net,0,76022,2020-11-19,2020-11-20
198 Brothers Boulevard,Ste 800,Red Oak,7971526,Sagewire Solutions,,US,2020-11-19 12:01:01.0,2020-11-19 12:01:01.0,,0,,,,4695137221,,,TX,sagewiresolutions.com,0,75154,2020-11-19,2020-11-20
814 San Jacinto Boulevard,Suite 200,Austin,7971527,LawnStarter,,US,2020-11-19 12:01:10.0,2020-11-19 12:01:10.0,,0,,,,15126939224,,,TX,lawnstarter.com,0,78701,2020-11-19,2020-11-20
4112 Swiss Avenue,,Dallas,7971528,1218,,US,2020-11-19 12:01:14.0,2020-11-19 12:01:14.0,,0,,,,2142955517,,,TX,1218global.com,0,75204,2020-11-19,2020-11-20
701 Brazos Street,,Austin,7971529,moove-it,,US,2020-11-19 12:01:31.0,2020-11-19 12:01:31.0,,0,,,,6027073773,,,TX,moove-it.com,0,78701,2020-11-19,2020-11-20
800 East Campbell Road,MS 108 STE 1520,Dallas,7971530,nimbix,,US,2020-11-19 12:01:36.0,2020-11-19 12:01:36.0,,0,,,,15123209329,,,TX,nimbix.net,0,75201,2020-11-19,2020-11-20
1511 Texas Avenue,,College Station,7971531,"MNEMOTRIX SYSTEMS, INC.",,US,2020-11-19 12:01:40.0,2020-11-19 12:01:40.0,,0,,,,19797034512,,,TX,mnemotrix.com,0,77840,2020-11-19,2020-11-20
2201 DOTTIE LYNN PKY,STE 115,Fort Worth,7971532,INNOVATE AUTO FINANCE,,US,2020-11-19 12:01:44.0,2020-11-19 12:01:44.0,,0,,,,8777351018,,,TX,innovateauto.com,0,76120,2020-11-19,2020-11-20
700 Central Expressway South,"ONE ALLEN CENTER, STE 110",Allen,7971534,"No Magic, Inc.",,US,2020-11-19 12:03:07.0,2020-11-19 12:03:07.0,,0,,,,12142919100,,,TX,nomagic.com,0,75013,2020-11-19,2020-11-20
5440 Harvest Hill Road,STE 300,Dallas,7971535,"WhamTech, Inc.",,US,2020-11-19 12:04:41.0,2020-11-19 12:04:41.0,,0,,,,9729915700,,,TX,whamtech.com,0,75230,2020-11-19,2020-11-20
5080 Spectrum Drive,STE 150,Addison,7971536,SevenTablets,,US,2020-11-19 12:04:46.0,2020-11-19 12:04:46.0,,0,,,,2142995100,,,TX,seventablets.com,0,75001,2020-11-19,2020-11-20
1616 Rollins Road,STE 700,Dallas,7971537,Aperia,,US,2020-11-19 12:05:01.0,2020-11-19 12:05:01.0,,0,,,,14694433282,,,TX,aperia.com,0,75254,2020-11-19,2020-11-20
1210 West 5th Street,,Austin,7971538,Vintage IT Services,,US,2020-11-19 12:05:05.0,2020-11-19 12:05:05.0,,0,,,,5124811117,,,TX,vintageits.com,0,78703,2020-11-19,2020-11-20
112 E PECAN ST,STE 1100,San Antonio,7971539,TrueAbility,,US,2020-11-19 12:05:13.0,2020-11-19 12:05:13.0,,0,,,,2106247500,,,TX,trueability.com,0,78205,2020-11-19,2020-11-20
7701 Las Colinas Ridge,,Irving,7971540,SMB Suite,,US,2020-11-19 12:05:17.0,2020-11-19 12:05:17.0,,0,,,,2145746398,,,TX,smbsuite.com,0,75063,2020-11-19,2020-11-20
1250 North Capital of Texas Highway,,Austin,7971541,Daman Consulting,,US,2020-11-19 12:05:21.0,2020-11-19 12:05:21.0,,0,,,,5123296646,,,TX,damaninc.com,0,78746,2020-11-19,2020-11-20
1101 Arrow Point Drive,STE 302,Cedar Park,7971542,"Diversys Learning, Inc.",,US,2020-11-19 12:05:29.0,2020-11-19 12:05:29.0,,0,,,,5123432600,,,TX,diversyslearning.com,0,78613,2020-11-19,2020-11-20
1009 Long Prairie Road,,Flower Mound,7971543,Profiscience,,US,2020-11-19 12:05:37.0,2020-11-19 12:05:37.0,,0,,,,18009403656,,,TX,profiscience.com,0,75022,2020-11-19,2020-11-20
1325 Capital Pkwy,,Carrollton,7971544,HomePro,,US,2020-11-19 12:05:42.0,2020-11-19 12:05:42.0,,0,,,,9722455777,,,TX,homeprotech.com,0,75006,2020-11-19,2020-11-20
815a Brazos Street,,Austin,7971545,"Embark Veterinary, Inc.",,US,2020-11-19 12:05:46.0,2020-11-19 12:05:46.0,,0,,,,16072533503,,,TX,embarkvet.com,0,78701,2020-11-19,2020-11-20
7530 East Grand Avenue,STE B,Dallas,7971546,"Phynd Technologies, Inc.",,US,2020-11-19 12:05:50.0,2020-11-19 12:05:50.0,,0,,,,18557496363,,,TX,phynd.com,0,75214,2020-11-19,2020-11-20
8600 FREEPORT PKY,STE 300,Irving,7971548,Lucid Technologies,,US,2020-11-19 12:05:59.0,2020-11-19 12:05:59.0,,0,,,,2143854144,,,TX,lucidtechinc.com,0,75063,2020-11-19,2020-11-20
2425 N Central Expy,STE #400,Richardson,7971549,Impiger Technologies,,US,2020-11-19 12:06:03.0,2020-11-19 12:06:03.0,,0,,,,2818020972,,,TX,impigertech.com,0,75080,2020-11-19,2020-11-20
5214 68th Street,,Lubbock,7971550,CoNetrix,,US,2020-11-19 12:06:07.0,2020-11-19 12:06:07.0,,0,,,,8066878600,,,TX,conetrix.com,0,79424,2020-11-19,2020-11-20
3220 Church Street,,Amarillo,7971551,Smart Chemical Services,,US,2020-11-19 12:07:32.0,2020-11-19 12:07:32.0,,0,,,,8063678031,,,TX,smartchemsvc.com,0,79109,2020-11-19,2020-11-20
1800 Preston Park Boulevard,"THE LAB, STE 220",McKinney,7971552,Nepris Inc.,,US,2020-11-19 12:08:58.0,2020-11-19 12:08:58.0,,0,,,,14342583090,,,TX,nepris.com,0,78731,2020-11-19,2020-11-20
7607 Eastmark Drive,,College Station,7971553,"K2Share, LLC",,US,2020-11-19 12:09:06.0,2020-11-19 12:09:06.0,,0,,,,19792600030,,,TX,k2share.com,0,77840,2020-11-19,2020-11-20
7324 Southwest Freeway,,Houston,7971554,Softway,,US,2020-11-19 12:09:17.0,2020-11-19 12:09:17.0,,0,,,,2819144381,,,TX,softway.com,1446533,77074,2020-11-19,2020-11-20
1614 East 6th Street,,Austin,7971555,Purpics,,US,2020-11-19 12:09:21.0,2020-11-19 12:09:21.0,,0,,,,17578185977,,,TX,purpics.com,0,78702,2020-11-19,2020-11-20
1703 W 5th St,STE 810,Austin,7971556,R v Worldwide Inc.,,US,2020-11-19 12:09:32.0,2020-11-19 12:09:32.0,,0,,,,5124852553,,,TX,revworldwide.com,0,78703,2020-11-19,2020-11-20
8330 Lyndon B Johnson Freeway,,Dallas,7971557,ROI Mantra,,US,2020-11-19 12:09:37.0,2020-11-19 12:09:37.0,,0,,,,2143078439,,,TX,roimantra.com,0,75243,2020-11-19,2020-11-20
2045 Chenault Drive,,Carrollton,7971558,M&A Technology,,US,2020-11-19 12:09:41.0,2020-11-19 12:09:41.0,,0,,,,9724905803,,,TX,macomp.com,0,75006,2020-11-19,2020-11-20
PO BOX 50744,,DENTON,7971559,"CODEPOET, LLC",,US,2020-11-19 12:11:05.0,2020-11-19 12:11:05.0,,0,,,,,,,TX,codepoetllc.com,0,76206,2020-11-19,2020-11-20
3800 QUICK HILL RD,BUILDING 1-100,Austin,7971560,Protect America,,US,2020-11-19 12:11:10.0,2020-11-19 12:11:10.0,,0,,,,15122188833,,,TX,protectamerica.com,0,78728,2020-11-19,2020-11-20
3333 Bering Drive,,Houston,7971561,EDUCATIONAL LEADERSHIP INC,,US,2020-11-19 12:11:21.0,2020-11-19 12:11:21.0,,0,,,,7137846345,,,TX,swschools.org,0,77057,2020-11-19,2020-11-20
8500 SHOAL CREEK BLVD,STE 4-220,Palo Alto,7971562,Open Compute Project,,US,2020-11-19 12:11:29.0,2020-11-19 12:11:29.0,,0,,,,13039997398,,,TX,opencompute.org,0,78750,2020-11-19,2020-11-20
,,Houston,7971563,AppSharp LLC,,US,2020-11-19 12:11:33.0,2020-11-19 12:11:33.0,,0,,,,16098174277,,,TX,appsharp.com,0,,2020-11-19,2020-11-20
13785 Research Boulevard,,Austin,7971564,CodeLathe LLC,,US,2020-11-19 12:11:38.0,2020-11-19 12:11:38.0,,0,,,,118885716480,,,TX,codelathe.com,0,78750,2020-11-19,2020-11-20
10694 Jones Road,,Houston,7971565,The Broadleaf Group LLC,,US,2020-11-19 12:11:42.0,2020-11-19 12:11:42.0,,0,,,,8322957202,,,TX,broadleafgroup.com,0,77065,2020-11-19,2020-11-20
14019 Southwest Freeway,,Sugar Land,7971566,Captavi,,US,2020-11-19 12:11:46.0,2020-11-19 12:11:46.0,,0,,,,8322512727,,,TX,captavi.com,0,77478,2020-11-19,2020-11-20
110 E HOUSTON ST,7TH FL,San Antonio,7971567,Promoter.io,,US,2020-11-19 12:11:50.0,2020-11-19 12:11:50.0,,0,,,,8554355777,,,TX,promoter.io,0,78205,2020-11-19,2020-11-20
9111 Cypress Waters Boulevard,STE 285,Irving,7971568,MOURI Tech,,US,2020-11-19 12:11:59.0,2020-11-19 12:11:59.0,,0,,,,19727561500,,,TX,mouritech.com,0,75019,2020-11-19,2020-11-20
7015 Westchester Drive,,Dallas,7971569,Highland Park ISD,,US,2020-11-19 12:12:03.0,2020-11-19 12:12:03.0,,0,,,,8063352823,,,TX,hpisd.org,0,75205,2020-11-19,2020-11-20
5604B CREEK BTM,,Austin,7971570,Blink Identity,,US,2020-11-19 12:12:08.0,2020-11-19 12:12:08.0,,0,,,,15129570624,,,TX,blinkidentity.com,0,78731,2020-11-19,2020-11-20
701 BRAZOS ST,STE 660,Austin,7971571,ReviewPush,,US,2020-11-19 12:12:12.0,2020-11-19 12:12:12.0,,0,,,,2103631706,,,TX,reviewpush.com,0,78701,2020-11-19,2020-11-20
4925 Greenville Avenue,Suite 200,Dallas,7971572,nDivision Inc.,,US,2020-11-19 12:12:23.0,2020-11-19 12:12:23.0,,0,,,,12147856355,,,TX,ndivision.com,0,75206,2020-11-19,2020-11-20
,,,7971573,tigilinea.com,,,2020-11-19 12:12:31.0,2020-11-19 12:12:31.0,,0,,,,,,,,tigilinea.com,0,,2020-11-19,2020-11-20
16479 Dallas Parkway,STE 180,Dallas,7971574,iControlESI,,US,2020-11-19 12:12:36.0,2020-11-19 12:12:36.0,,0,,,,9722399200,,,TX,icontrolesi.com,0,75248,2020-11-19,2020-11-20
5910 Courtyard Drive,STE 100,Austin,7971575,360factors,,US,2020-11-19 12:12:40.0,2020-11-19 12:12:40.0,,0,,,,8663852341,,,TX,360factors.com,0,78731,2020-11-19,2020-11-20
2028 East Ben White Boulevard,,Austin,7971577,Communication Service for the Deaf,,US,2020-11-19 12:14:03.0,2020-11-19 12:14:03.0,,0,,,,16053675760,,,TX,csd.org,0,78741,2020-11-19,2020-11-20
PO BOX 1532,,Seaford,7971578,CreditShop LLC,,US,2020-11-19 12:14:07.0,2020-11-19 12:14:07.0,,0,,,,8003179240,,,TX,creditshop.com,0,18002,2020-11-19,2020-11-20
11824 Jollyville Rd,,Austin,7971580,ConnectTel,,US,2020-11-19 12:14:14.0,2020-11-19 12:14:14.0,,0,,,,15123381111,,,TX,connecttel.com,0,78759,2020-11-19,2020-11-20
1007 PO Box,,Hempstead,7971581,Hempstead ISD,,US,2020-11-19 12:14:21.0,2020-11-19 12:14:21.0,,0,,,,9798263304,,,TX,hempsteadisd.org,0,77445,2020-11-19,2020-11-20
16801 Addison Road,,Addison,7971582,ValuD Consulting,,US,2020-11-19 12:14:26.0,2020-11-19 12:14:26.0,,0,,,,8555883278,,,TX,valudconsulting.com,0,75001,2020-11-19,2020-11-20
14785 Preston Road,,Dallas,7971583,Safe Harbor Marinas,,US,2020-11-19 12:15:55.0,2020-11-19 12:15:55.0,,0,,,,9724881314,,,TX,shmarinas.com,0,75254,2020-11-19,2020-11-20
8702 Cross Park Dr,Suite 200,Austin,7971584,QuantumDigital Inc,,US,2020-11-19 12:15:59.0,2020-11-19 12:15:59.0,,0,,,,15128372300,,,TX,quantumdigital.com,0,78754,2020-11-19,2020-11-20
600 Congress Avenue,,Austin,7971585,Equipboard Inc.,,US,2020-11-19 12:16:09.0,2020-11-19 12:16:09.0,,0,,,,5127744327,,,TX,equipboard.com,0,78701,2020-11-19,2020-11-20
6200 Bridge Point Pkwy,,Austin,7971586,"iFLY Holdings, LLC",,US,2020-11-19 12:16:18.0,2020-11-19 12:16:18.0,,0,,,,8552634359,,,TX,iflyworld.com,0,78730,2020-11-19,2020-11-20
3102 Oak Lawn Avenue,,Dallas,7971587,rewardStyle,,US,2020-11-19 12:16:22.0,2020-11-19 12:16:22.0,,0,,,,19727078530,,,TX,rewardstyle.com,0,75219,2020-11-19,2020-11-20
6600 N Lamar Blvd,,Austin,7971588,Pushnami,,US,2020-11-19 12:16:32.0,2020-11-19 12:16:32.0,,0,,,,5126513212,,,TX,pushnami.com,0,78752,2020-11-19,2020-11-20
1000 S Ervay St,,Dallas,7971589,"Millet the Printer, Inc.",,US,2020-11-19 12:16:36.0,2020-11-19 12:16:36.0,,0,,,,12147413602,,,TX,millettheprinter.com,0,75201,2020-11-19,2020-11-20
1705 Guadalupe St,,Austin,7971590,NeighborFavor Inc,,,2020-11-19 12:16:40.0,2020-11-19 12:16:40.0,,0,,,,15127616037,,,TX,favordelivery.com,0,78701,2020-11-19,2020-11-20
7201 Bishop Rd,,Plano,7971591,vivifyhealth,,US,2020-11-19 12:16:44.0,2020-11-19 12:16:44.0,,0,,,,19724001360,,,TX,vivifyhealth.com,0,75024,2020-11-19,2020-11-20
210 West 7th Street,,Austin,7971592,UTIMCO,,US,2020-11-19 12:16:52.0,2020-11-19 12:16:52.0,,0,,,,15122251600,,,TX,utimco.org,0,78701,2020-11-19,2020-11-20
1020 North University Parks Drive,,Waco,7971593,nbly.com,,US,2020-11-19 12:17:04.0,2020-11-19 12:17:04.0,,0,,,,,,,TX,nbly.com,0,76707,2020-11-19,2020-11-20
7609 White Settlement Road,,White Settlement,7971594,Wellflex Energy Solutions,,US,2020-11-19 12:17:08.0,2020-11-19 12:17:08.0,,0,,,,8177305111,,,TX,wellflex.com,0,76108,2020-11-19,2020-11-20
10535 Farm to Market 1097,,Willis,7971595,"MobileInventor, Inc.",,US,2020-11-19 12:17:12.0,2020-11-19 12:17:12.0,,0,,,,18322208032,,,TX,mobileinventor.com,0,77318,2020-11-19,2020-11-20
,,,7971596,evoquedcs,,,2020-11-19 12:17:16.0,2020-11-19 12:17:16.0,,0,,,,,,,,evoquedcs.com,0,75039,2020-11-19,2020-11-20
311 North Market Street,STE 1200,Mountain View,7971597,Arcade,,US,2020-11-19 12:17:21.0,2020-11-19 12:17:21.0,,0,,,,18335364243,,,CA,workplacearcade.com,0,94041,2020-11-19,2020-11-20
401 Congress Avenue,STE 1540,Austin,7971598,Flux7,,US,2020-11-19 12:17:31.0,2020-11-19 12:17:31.0,,0,,,,8443589700,,,TX,flux7.com,0,78701,2020-11-19,2020-11-20
700 Central Expressway South,,Allen,7971599,"GIACT Systems, LLC",,US,2020-11-19 12:17:41.0,2020-11-19 12:17:41.0,,0,,,,2146440450,,,TX,giact.com,0,75013,2020-11-19,2020-11-20
1255 West 15th Street,,Plano,7971600,OnviSource Inc,,US,2020-11-19 12:17:46.0,2020-11-19 12:17:46.0,,0,,,,15802424636,,,TX,onvisource.com,0,75075,2020-11-19,2020-11-20
3755 South Capital of Texas Highway,STE 340,Austin,7971601,vyopta,,US,2020-11-19 12:20:26.0,2020-11-19 12:20:26.0,,0,,,,15128914200,,,TX,vyopta.com,0,78704,2020-11-19,2020-11-20
3930 DECKER DR,,Baytown,7971602,GOOSE CREEK CONSOLIDATED INDEPENDENT SCHOOL DISTRICT,,US,2020-11-19 12:23:06.0,2020-11-19 12:23:06.0,,0,,,,2814204520,,,TX,gccisd.net,0,77520,2020-11-19,2020-11-20
1905A Kramer Ln,STE M,Austin,7971603,Apogee,,US,2020-11-19 12:23:16.0,2020-11-19 12:23:16.0,,0,,,,8774788858,,,TX,apogee.us,0,78758,2020-11-19,2020-11-20
9606 North Mopac Expressway,,Austin,7971604,Performance Tuning Corporation,,US,2020-11-19 12:23:22.0,2020-11-19 12:23:22.0,,0,,,,8008874513,,,TX,perftuning.com,0,78759,2020-11-19,2020-11-20
823 Congress Avenue,STE 178,Austin,7971606,Eventus Systems Inc,,US,2020-11-19 12:24:58.0,2020-11-19 12:24:58.0,,0,,,,18444383688,,,TX,eventussystems.com,0,78701,2020-11-19,2020-11-20
801 Main Street,,Beaumont,7971607,BEAUMONT TEXAS POLICE DEPARTMENT BENEFIT ASSOCIATION,,US,2020-11-19 12:25:02.0,2020-11-19 12:25:02.0,,0,,,,14099808311,,,TX,beaumonttexas.gov,0,77704,2020-11-19,2020-11-20
3925 West Braker Lane,,Austin,7971608,NUVE,,US,2020-11-19 12:25:06.0,2020-11-19 12:25:06.0,,0,,,,8009759413,,,TX,nuve.us,0,78759,2020-11-19,2020-11-20
300 Upper Pond Road,,Parsippany-Troy Hills,7971609,INTTRA,,US,2020-11-19 12:25:12.0,2020-11-19 12:25:12.0,,0,,,,19732635100,,,NJ,inttra.com,0,07054,2020-11-19,2020-11-20
15500 Wells Port Dr,,Austin,7971610,Hart InterCivic Inc.,,US,2020-11-19 12:25:16.0,2020-11-19 12:25:16.0,,0,,,,5122526400,,,TX,hartic.com,0,78728,2020-11-19,2020-11-20
2100 10th St,,Plano,7971611,"Kosse Partners I, LLC",,US,2020-11-19 12:25:22.0,2020-11-19 12:25:22.0,,0,,,,2144535600,,,TX,fortsol.com,0,75074,2020-11-19,2020-11-20
11402 FM 2244 Rd,,Austin,7971612,Securelink,,US,2020-11-19 12:25:31.0,2020-11-19 12:25:31.0,,0,,,,15126378700,,,TX,securelink.com,0,78738,2020-11-19,2020-11-20
6110 Clarkson Lane,,Houston,7971613,ERGOS,,US,2020-11-19 12:28:18.0,2020-11-19 12:28:18.0,,0,,,,7136219220,,,TX,ergos.com,0,77055,2020-11-19,2020-11-20
15851 Dallas Parkway,STE 250,Addison,7971617,AVIO Consulting,,US,2020-11-19 12:28:29.0,2020-11-19 12:28:29.0,,0,,,,9728148399,,,TX,avioconsulting.com,0,75001,2020-11-19,2020-11-20
8080 N Central Expy,,Distrito Federal,7971614,ADAM Human Capital Management,,MX,2020-11-19 12:28:22.0,2020-11-19 12:28:22.0,,0,,,,+1 214-891-7070,,,TX,adamhcm.com,0,11560,2020-11-19,2020-11-20
4900 TIMBERLINE DR,,Austin,7971616,"RackN, Inc.",,US,2020-11-19 12:28:25.0,2020-11-19 12:28:25.0,,0,,,,16505573227,,,NC,rackn.com,0,78746,2020-11-19,2020-11-20
2028 E Ben White Blvd,,Austin,7971618,Wickfire,,US,2020-11-19 12:28:33.0,2020-11-19 12:28:33.0,,0,,,,6467092736,,,TX,wickfire.com,0,78741,2020-11-19,2020-11-20
5850 Granite Parkway,STE 250,Plano,7971619,Legalinc,,US,2020-11-19 12:28:36.0,2020-11-19 12:28:36.0,,0,,,,8667575850,,,TX,legalinc.com,0,75033,2020-11-19,2020-11-20
225 E John Carpenter Fwy,,Irving,7971620,Cysiv,,US,2020-11-19 12:28:44.0,2020-11-19 12:28:44.0,,0,,,,18332299800,,,TX,cysiv.com,0,75062,2020-11-19,2020-11-20
8140 Walnut Hill Lane,STE 233,Dallas,7971621,Exceleron Software,,US,2020-11-19 12:28:47.0,2020-11-19 12:28:47.0,,0,,,,9728522711,,,TX,exceleron.com,0,75231,2020-11-19,2020-11-20
3320 CAMP BOWIE BLVD,,Fort Worth,7971623,WePlann,,US,2020-11-19 12:28:56.0,2020-11-19 12:28:56.0,,0,,,,4157499830,,,TX,weplann.com,0,32819,2020-11-19,2020-11-20
2951 E INTERSTATE 20,,Odessa,7971624,Saulsbury Industries Inc,,US,2020-11-19 12:29:01.0,2020-11-19 12:29:01.0,,0,,,,14327016147,,,TX,si-tx.com,0,79766,2020-11-19,2020-11-20
1750 N Collins Blvd,STE 100,Richardson,7971625,Alibre,,US,2020-11-19 12:29:05.0,2020-11-19 12:29:05.0,,0,,,,9726718492,,,TX,alibre.com,0,75082,2020-11-19,2020-11-20
17806 W Interstate 10,401 EAST HOUSTON STREET,San Antonio,7971626,Doppler LLC,,US,2020-11-19 12:29:10.0,2020-11-19 12:29:10.0,,0,,,,2108073552,,,TX,fromdoppler.com,0,78257,2020-11-19,2020-11-20
1319 Earl Campbell Parkway,,Tyler,7971627,Tyler ISD,,US,2020-11-19 12:29:14.0,2020-11-19 12:29:14.0,,0,,,,9032621000,,,TX,tylerisd.org,0,75701,2020-11-19,2020-11-20
901 South MoPac Expressway,,Austin,7971628,open lending,,US,2020-11-19 12:29:17.0,2020-11-19 12:29:17.0,,0,,,,15128920400,,,TX,openlending.com,0,78746,2020-11-19,2020-11-20
7164 Technology Drive,,Frisco,7971629,Federos,,US,2020-11-19 12:29:21.0,2020-11-19 12:29:21.0,,0,,,,18886378882,,,TX,federos.com,0,75033,2020-11-19,2020-11-20
1100 Nueces St,,Austin,7971632,"Green Source Energy, LLC",,US,2020-11-19 12:30:50.0,2020-11-19 12:30:50.0,,0,,,,17038919700,,,TX,gsenergy.com,0,78701,2020-11-19,2020-11-20
4100 Harry Hines Boulevard,,Dallas,7971633,K2View,,US,2020-11-19 12:30:58.0,2020-11-19 12:30:58.0,,0,,,,18554528439,,,TX,k2view.com,0,75219,2020-11-19,2020-11-20
325 North Saint Paul Street,STE 1100,Dallas,7971634,Platinum Intelligent Data Solutions,,US,2020-11-19 12:31:02.0,2020-11-19 12:31:02.0,,0,,,,2146511457,,,TX,platinumids.com,0,75226,2020-11-19,2020-11-20
3204 Valley Street,,Carrizo Springs,7971635,Rio Grande Electric Co. Inc.,,US,2020-11-19 12:31:13.0,2020-11-19 12:31:13.0,,0,,,,5058652824,,,TX,rgec.coop,0,78834,2020-11-19,2020-11-20
"PLOT NO. 204, BLOCK B, KAVURI HILLS, NEXT TO IGNOU, MADHAPUR",,Hyderabad,7971636,Ray Business Technologies Pvt Ltd,,IN,2020-11-19 12:31:17.0,2020-11-19 12:31:17.0,,0,,,,91 40 2311 8011,,,TS,raybiztech.com,0,500033,2020-11-19,2020-11-20
115 Wild Basin Road,,Austin,7971637,Cloud [8] Sixteen,,US,2020-11-19 12:31:21.0,2020-11-19 12:31:21.0,,0,,,,8002671704,,,TX,cloud816.com,0,78746,2020-11-19,2020-11-20
111 CONGRESS AVE,STE 400,Austin,7971640,Cloudwiry Inc,,US,2020-11-19 12:32:49.0,2020-11-19 12:32:49.0,,0,,,,15122284300,,,TX,cloudwiry.com,0,78702,2020-11-19,2020-11-20
4833 Spicewood Springs Road,STE 102,Austin,7971641,SmartTouch Interactive,,US,2020-11-19 12:32:56.0,2020-11-19 12:32:56.0,,0,,,,5123334008,,,TX,smarttouchinteractive.com,0,78759,2020-11-19,2020-11-20
400 Lafayette Street,STE 200,New Orleans,7971647,Doyle Land Services,,US,2020-11-19 12:37:07.0,2020-11-19 12:37:07.0,,0,,,,5048181118,,,LA,doyleland.com,0,70130,2020-11-19,2020-11-20
1135 W 6TH ST,STE 130,Austin,7971648,TabbedOut,,US,2020-11-19 12:37:15.0,2020-11-19 12:37:15.0,,0,,,,18666268045,,,TX,tabbedout.com,0,78703,2020-11-19,2020-11-20
7500 Rialto Boulevard,,Austin,7971649,HNI Healthcare,,US,2020-11-19 12:37:22.0,2020-11-19 12:37:22.0,,0,,,,5127303060,,,TX,hnihc.com,0,78735,2020-11-19,2020-11-20
2509 JANICE DR,,Austin,7971654,Applications for Life,,US,2020-11-19 12:40:09.0,2020-11-19 12:40:09.0,,0,,,,12149061840,,,MS,applications4life.com,0,78703,2020-11-19,2020-11-20
9841 Saber Power Ln,,Rosharon,7971655,Saber Power Services LLC,,US,2020-11-19 12:40:15.0,2020-11-19 12:40:15.0,,0,,,,7132229102,,,TX,saberpower.com,0,77583,2020-11-19,2020-11-20
2131 BARTON HILLS DR,,Austin,7971656,Popspots LLC,,US,2020-11-19 12:40:19.0,2020-11-19 12:40:19.0,,0,,,,18337677768,,,TX,getpopspots.com,0,78704,2020-11-19,2020-11-20
1501 South MoPac Expressway,,Austin,7971657,VORAGO Technologies Corp,,US,2020-11-19 12:40:23.0,2020-11-19 12:40:23.0,,0,,,,5126337992,,,TX,voragotech.com,0,78746,2020-11-19,2020-11-20
11525 Stonehollow Drive,STE 250,Austin,7971658,PureWrx Inc.,,US,2020-11-19 12:41:45.0,2020-11-19 12:41:45.0,,0,,,,15125381589,,,TX,purewrx.com,1406154,78744,2020-11-19,2020-11-20
5550 Granite Parkway,STE 100,Plano,7971659,Pegasus Technology Solutions,,US,2020-11-19 12:41:52.0,2020-11-19 12:41:52.0,,0,,,,19723324144,,,TX,pegasustechsolutions.com,0,75034,2020-11-19,2020-11-20
811 LANGFORD DR,STE 131-723,Arlington,7971660,AVERT NETWORK SERVICES,,US,2020-11-19 12:42:02.0,2020-11-19 12:42:02.0,,0,,,,8552837848,,,TX,avertnetworkservices.com,0,76018,2020-11-19,2020-11-20
1101 South Capital of Texas Highway,"Building B, Suite 100",Austin,7971661,Integritek,,US,2020-11-19 12:42:11.0,2020-11-19 12:42:11.0,,0,,,,8773042278,,,TX,iwsit.com,0,78746,2020-11-19,2020-11-20
110 East Houston Street,FL 7,San Antonio,7971662,Infocyte Inc,,US,2020-11-19 12:42:18.0,2020-11-19 12:42:18.0,,0,,,,15126850204,,,TX,infocyte.com,0,78205,2020-11-19,2020-11-20
623 Highland Colony Parkway,,Ridgeland,7971663,AIS PainCare,,US,2020-11-19 12:42:21.0,2020-11-19 12:42:21.0,,0,,,,8774434006,,,MS,aispaincare.com,0,39157,2020-11-19,2020-11-20
295 Madison Avenue,,New York,7971664,Questback,,US,2020-11-19 12:42:31.0,2020-11-19 12:42:31.0,,0,,,,19789752000,,,NY,questback.com,0,10017,2020-11-19,2020-11-20
8117 Preston Road,STE 1450,Dallas,7971665,Room Key,,US,2020-11-19 12:42:35.0,2020-11-19 12:42:35.0,,0,,,,2142193200,,,TX,roomkey.com,0,75219,2020-11-19,2020-11-20
990 Village Square Dr,,Tomball,7971666,Deep Imaging,,US,2020-11-19 12:42:39.0,2020-11-19 12:42:39.0,,0,,,,12812900492,,,TX,deepimaging.com,0,77375,2020-11-19,2020-11-20
500 South Taylor Street,"PO BOX 15568, STE 601",Amarillo,7971667,Friona Industries,,US,2020-11-19 12:42:43.0,2020-11-19 12:42:43.0,,0,,,,8063741811,,,TX,frionaindustries.com,0,79105,2020-11-19,2020-11-20
601 GREAT OAKS DR,STE B103,Austin,7971668,"InMotion Software, LLC",,US,2020-11-19 12:42:47.0,2020-11-19 12:42:47.0,,0,,,,18178968110,,,TX,inmotionsoftware.com,0,78759,2020-11-19,2020-11-20
1220 ROSECRANS ST,STE 302,San Diego,7971669,The Antara Group,,US,2020-11-19 12:42:51.0,2020-11-19 12:42:51.0,,0,,,,8584809921,,,CA,theantaragroup.com,0,92106,2020-11-19,2020-11-20
1700 Pacific Ave,Ste 2290,Dallas,7971670,Systemates,,US,2020-11-19 12:44:12.0,2020-11-19 12:44:12.0,,0,,,,2142174100,,,TX,systemates.com,0,75201,2020-11-19,2020-11-20
1717 Main St,,Dallas,7971671,Access Physicians,,US,2020-11-19 12:44:16.0,2020-11-19 12:44:16.0,,0,,,,9405979389,,,TX,accessphysicians.com,0,75201,2020-11-19,2020-11-20
5550 Granite Pkwy,,Plano,7971672,"Broadleaf Commerce, LLC",,US,2020-11-19 12:44:24.0,2020-11-19 12:44:24.0,,0,,,,8002827443,,,TX,broadleafcommerce.com,0,75024,2020-11-19,2020-11-20
,,,7971673,Swiftli App,,,2020-11-19 12:44:27.0,2020-11-19 12:44:27.0,,0,,,,,,,,swiftli.com,0,,2020-11-19,2020-11-20
5802 4th Street,,Lubbock,7971674,First United Bank,,US,2020-11-19 12:44:31.0,2020-11-19 12:44:31.0,,0,,,,8066474151,,,TX,firstunited.net,0,79416,2020-11-19,2020-11-20
15280 Addison Road,,Addison,7971675,Curantis Solutions,,US,2020-11-19 12:44:36.0,2020-11-19 12:44:36.0,,0,,,,8174755408,,,TX,curantissolutions.com,0,75001,2020-11-19,2020-11-20
2500 Bee Caves Rd,,Austin,7971676,Powerhouse Management Inc.,,US,2020-11-19 12:44:40.0,2020-11-19 12:44:40.0,,0,,,,15126849740,,,TX,phmgmt.com,0,78746,2020-11-19,2020-11-20
100 North Broadway Avenue,,Tyler,7971677,Smith County,,US,2020-11-19 12:44:47.0,2020-11-19 12:44:47.0,,0,,,,9035904701,,,TX,smith-county.com,0,75702,2020-11-19,2020-11-20
1235 North Loop West,STE 1200,Houston,7971678,DYONYX,,US,2020-11-19 12:44:51.0,2020-11-19 12:44:51.0,,0,,,,17138305900,,,TX,dyonyx.com,0,77040,2020-11-19,2020-11-20
5830 Granite Parkway,STE 1100,Plano,7971679,Nuvectra,,US,2020-11-19 12:44:58.0,2020-11-19 12:44:58.0,,0,,,,19726684107,,,TX,nuvectramed.com,0,75024,2020-11-19,2020-11-20
865 Easton Road,,Warrington,7971680,Sabre Systems,,US,2020-11-19 12:45:02.0,2020-11-19 12:45:02.0,,0,,,,12133471455,,,PA,sabresystems.com,0,18976,2020-11-19,2020-11-20
13791 HORIZON BLVD,#B9,Horizon City,7971681,TBX Benefits,,US,2020-11-19 12:45:06.0,2020-11-19 12:45:06.0,,0,,,,,,,TX,tbxbenefits.com,0,79928,2020-11-19,2020-11-20
2201 West Plano Parkway,STE 100,Plano,7971682,"Rug Doctor, LLC",,US,2020-11-19 12:45:10.0,2020-11-19 12:45:10.0,,0,,,,19726731400,,,TX,rugdoctor.com,0,75075,2020-11-19,2020-11-20
4505 Spicewood Springs Road,,Austin,7971683,BRINQA,,US,2020-11-19 12:45:14.0,2020-11-19 12:45:14.0,,0,,,,5123721004,,,TX,brinqa.com,0,78759,2020-11-19,2020-11-20
13750 San Pedro Ave,,San Antonio,7971684,SecureLogix Corporation,,US,2020-11-19 12:45:29.0,2020-11-19 12:45:29.0,,0,,,,12105461100,,,TX,securelogix.com,0,78232,2020-11-19,2020-11-20
131 E Old Settlers Blvd,,Round Rock,7971685,Toppan Photomasks,,US,2020-11-19 12:45:40.0,2020-11-19 12:45:40.0,,0,,,,15123106000,,,TX,photomask.com,0,78664,2020-11-19,2020-11-20
11149 Research Boulevard,,Austin,7971686,"GeoSpatial Innovations, Inc.",,US,2020-11-19 12:45:48.0,2020-11-19 12:45:48.0,,0,,,,5123492400,,,TX,gsiworks.com,0,78759,2020-11-19,2020-11-20
8226 Douglas Avenue,,Dallas,7971687,AlphaTrust Corporation,,US,2020-11-19 12:45:55.0,2020-11-19 12:45:55.0,,0,,,,2142349200,,,TX,alphatrust.com,0,75225,2020-11-19,2020-11-20
5151 Belt Line Road,,Dallas,7971688,"Aspire HR, Inc.",,US,2020-11-19 12:45:59.0,2020-11-19 12:45:59.0,,0,,,,12148800099,,,TX,aspirehr.com,0,75254,2020-11-19,2020-11-20
7850 N Belt Line Rd,,Irving,7971689,Targetbase Marketing Inc.,,US,2020-11-19 12:46:03.0,2020-11-19 12:46:03.0,,0,,,,9725063400,,,TX,targetbase.com,0,75063,2020-11-19,2020-11-20
11399 SOCORRO RD,,El Paso,7971690,SISD,,US,2020-11-19 12:46:07.0,2020-11-19 12:46:07.0,,0,,,,9159370000,,,TX,sisd.net,0,79928,2020-11-19,2020-11-20
2301 E Riverside Dr,"Building 2, Suite 225",Austin,7971691,Vertify Inc,,US,2020-11-19 12:46:11.0,2020-11-19 12:46:11.0,,0,,,,15126901845,,,TX,vertify.com,0,78704,2020-11-19,2020-11-20
3030 Lyndon B Johnson Freeway,Suite 1380,Dallas,7971692,POINTE SMART LLC,,US,2020-11-19 12:46:15.0,2020-11-19 12:46:15.0,,0,,,,2142959568,,,TX,pointesmart.com,0,75234,2020-11-19,2020-11-20
1918 Leander Road,,Georgetown,7971693,MediMobile,,US,2020-11-19 12:46:19.0,2020-11-19 12:46:19.0,,0,,,,5122751810,,,TX,medimobile.com,0,78628,2020-11-19,2020-11-20
13355 Noel Road,,Dallas,7971694,"Wilson Perumal & Company, Inc.",,US,2020-11-19 12:46:23.0,2020-11-19 12:46:23.0,,0,,,,2144357506,,,TX,wilsonperumal.com,0,75240,2020-11-19,2020-11-20
119 West Tyler Street,,Longview,7971695,NetworkIP,,US,2020-11-19 12:46:30.0,2020-11-19 12:46:30.0,,0,,,,9033234900,,,TX,networkip.net,0,75601,2020-11-19,2020-11-20
2800 Post Oak Boulevard,STE J,Houston,7971696,Vivante Health,,US,2020-11-19 12:46:34.0,2020-11-19 12:46:34.0,,0,,,,8325484526,,,TX,vivantehealth.com,0,77021,2020-11-19,2020-11-20
8111 Lyndon B Johnson Fwy,,Dallas,7971697,Appsian,,US,2020-11-19 12:46:38.0,2020-11-19 12:46:38.0,,0,,,,4699062100,,,TX,appsian.com,0,75251,2020-11-19,2020-11-20
12007 Research Blvd,,Austin,7971698,Hayes Software,,US,2020-11-19 12:46:42.0,2020-11-19 12:46:42.0,,0,,,,5122197610,,,TX,hayessoft.com,0,78759,2020-11-19,2020-11-20
3400 Waterview Parkway,,Richardson,7971699,"HBS Systems, Inc.",,US,2020-11-19 12:46:46.0,2020-11-19 12:46:46.0,,0,,,,9722344444,,,TX,hbssystems.com,0,75080,2020-11-19,2020-11-20
1201 Louisiana Street,,Houston,7971700,"FlexSteel Pipeline Technologies, Inc.",,US,2020-11-19 12:46:50.0,2020-11-19 12:46:50.0,,0,,,,18325318526,,,TX,flexsteelpipe.com,1446533,77002,2020-11-19,2020-11-20
15182 Marsh Lane,,Addison,7971701,Stealth Monitoring,,US,2020-11-19 12:46:56.0,2020-11-19 12:46:56.0,,0,,,,12143410123,,,TX,stealthmonitoring.com,0,75001,2020-11-19,2020-11-20
1344 South Flores Street,,San Antonio,7971702,Thomason Technologies,,US,2020-11-19 12:47:00.0,2020-11-19 12:47:00.0,,0,,,,2106942797,,,TX,thomasontech.com,0,78204,2020-11-19,2020-11-20
2524 NE LOOP 820,,Fort Worth,7971703,Cheaper Than Dirt,,US,2020-11-19 12:47:14.0,2020-11-19 12:47:14.0,,0,,,,18173785119,,,TX,cheaperthandirt.com,0,76106,2020-11-19,2020-11-20
6F,"New Ohtemachi Bldg., 2-2-1, Ote-machi",Yokohama-Shi,7971704,JGC Corporation,,JP,2020-11-19 12:47:21.0,2020-11-19 12:47:21.0,,0,,,,+81 456821111,,,AZ,jgc.com,0,220-6001,2020-11-19,2020-11-20
350 Barnes Drive,,San Marcos,7971711,teleNetwork,,US,2020-11-19 12:51:47.0,2020-11-19 12:51:47.0,,0,,,,15125587508,,,TX,telenetwork.com,0,78666,2020-11-19,2020-11-20
"F-451, Sector 63,",,Houston,7971707,CEBS,,IN,2020-11-19 12:51:26.0,2020-11-19 12:51:26.0,,0,,,,,,,TX,cebsworldwide.com,0,201301,2020-11-19,2020-11-20
2211 Commerce St,,Dallas,7971708,OrderMyGear LLC,,US,2020-11-19 12:51:30.0,2020-11-19 12:51:30.0,,0,,,,2149454000,,,TX,ordermygear.com,0,75201,2020-11-19,2020-11-20
2201 North Lamar Boulevard,STE 110,Austin,7971710,Polygraph Media,,US,2020-11-19 12:51:38.0,2020-11-19 12:51:38.0,,0,,,,8009091973,,,TX,polygraphmedia.com,0,78705,2020-11-19,2020-11-20
6100 Tennyson Pkwy,,Plano,7971712,CRITICALSTART,,US,2020-11-19 12:51:51.0,2020-11-19 12:51:51.0,,0,,,,12146681446,,,TX,criticalstart.com,0,75024,2020-11-19,2020-11-20
2000 Windy Terrace,SOUTH BUILDING K STE 250,Cedar Park,7971713,SourceDay,,US,2020-11-19 12:51:55.0,2020-11-19 12:51:55.0,,0,,,,15123617029,,,TX,sourceday.com,0,78759,2020-11-19,2020-11-20
10601 Clarence Drive,,Frisco,7971714,Valify,,US,2020-11-19 12:52:07.0,2020-11-19 12:52:07.0,,0,,,,9729871370,,,TX,getvalify.com,0,75033,2020-11-19,2020-11-20
909 Lake Carolyn Pkwy,,Irving,7971715,Thru Inc,,US,2020-11-19 12:52:16.0,2020-11-19 12:52:16.0,,0,,,,2144960100,,,TX,thruinc.com,0,75039,2020-11-19,2020-11-20
9401 Starcrest Drive,,San Antonio,7971716,Saint Mary s Hall,,US,2020-11-19 12:52:20.0,2020-11-19 12:52:20.0,,0,,,,2104839100,,,TX,smhall.org,0,78217,2020-11-19,2020-11-20
1255 West 15th Street,,Plano,7971717,Intelemedia Communications Inc,,US,2020-11-19 12:52:30.0,2020-11-19 12:52:30.0,,0,,,,9729940700,,,TX,intelemedia.com,0,75075,2020-11-19,2020-11-20
11801 Domain Boulevard,STE 151,Austin,7971719,"Overhaul Group, Inc.",,US,2020-11-19 12:54:04.0,2020-11-19 12:54:04.0,,0,,,,15124667321,,,TX,over-haul.com,0,78766,2020-11-19,2020-11-20
2121 29 Street Northeast,,Calgary,7971720,ambyint,,CA,2020-11-19 12:54:08.0,2020-11-19 12:54:08.0,,0,,,,8002051311,,,AB,ambyint.com,0,T1Y 0A4,2020-11-19,2020-11-20
219 E Houston St,,San Antonio,7971721,CaptureRx,,US,2020-11-19 12:54:12.0,2020-11-19 12:54:12.0,,0,,,,2105873486,,,TX,capturerx.com,1446533,78205,2020-11-19,2020-11-20
9015 Mountain Ridge Drive,STE 200,Austin,7971722,TalentGuard,,US,2020-11-19 12:54:16.0,2020-11-19 12:54:16.0,,0,,,,15124372579,,,TX,talentguard.com,0,78746,2020-11-19,2020-11-20
777 Post Oak Boulevard,,Houston,7971723,"EnergyFunders, LLC",,US,2020-11-19 12:54:21.0,2020-11-19 12:54:21.0,,0,,,,7133009996,,,TX,energyfunders.com,1450080,77056,2020-11-19,2020-11-20
5810 Tennyson Pkwy,STE 385,Plano,7971724,Next After LLC,,US,2020-11-19 12:54:25.0,2020-11-19 12:54:25.0,,0,,,,2147998450,,,TX,nextafter.com,0,75024,2020-11-19,2020-11-20
15110 DALLAS PKY,STE 500,Dallas,7971725,Solutions by Text,,US,2020-11-19 12:54:37.0,2020-11-19 12:54:37.0,,0,,,,8009791212,,,TX,solutionsbytext.com,0,75244,2020-11-19,2020-11-20
8141 Texas 75,PO BOX 1175,Huntsville,7971726,"Mitcham Industries, Inc.",,US,2020-11-19 12:54:42.0,2020-11-19 12:54:42.0,,0,,,,19362912277,,,TX,mitchamindustries.com,0,77342,2020-11-19,2020-11-20
6500 River Place Boulevard,"Building 7, Suite 200",Austin,7971727,"Ambiq Micro, Inc.",,US,2020-11-19 12:54:46.0,2020-11-19 12:54:46.0,,0,,,,15128792850,,,TX,ambiqmicro.com,0,78730,2020-11-19,2020-11-20
7000 N MOPAC EXPY,STE 200,Austin,7971730,Ontic Technologies Inc,,US,2020-11-19 12:56:09.0,2020-11-19 12:56:09.0,,0,,,,,,,TX,ontic.ai,0,78731,2020-11-19,2020-11-20
3100 Monticello Avenue,STE 450,Dallas,7971731,Surgical Notes,,US,2020-11-19 12:56:16.0,2020-11-19 12:56:16.0,,0,,,,8884257560,,,TX,surgicalnotes.com,0,75205,2020-11-19,2020-11-20
1701 North Collins Boulevard,,Richardson,7971732,Verveba Telecom LLC,,US,2020-11-19 12:56:27.0,2020-11-19 12:56:27.0,,0,,,,2146135351,,,TX,verveba.com,0,75080,2020-11-19,2020-11-20
2601 W Ave N,,San Angelo,7971733,Angelo State University,,US,2020-11-19 12:56:31.0,2020-11-19 12:56:31.0,,0,,,,3259422555,,,TX,angelo.edu,0,76909,2020-11-19,2020-11-20
2801 Network Boulevard,,Frisco,7971734,Tango Networks,,US,2020-11-19 12:56:39.0,2020-11-19 12:56:39.0,,0,,,,14692296000,,,TX,tango-networks.com,0,75034,2020-11-19,2020-11-20
1101 South Industrial Boulevard,,Round Rock,7971735,Masterson Hard Chrome Service,,US,2020-11-19 12:56:44.0,2020-11-19 12:56:44.0,,0,,,,5123880911,,,TX,mastersonchrome.com,0,78681,2020-11-19,2020-11-20
10866 Washington Boulevard,,Sunnyvale,7971736,"Velocitos, Inc.",,US,2020-11-19 12:56:48.0,2020-11-19 12:56:48.0,,0,,,,14087572474,,,CA,velocitos.com,0,94085,2020-11-19,2020-11-20
3113 South University Drive,,Fort Worth,7971737,Woodcrest Capital,,US,2020-11-19 12:56:58.0,2020-11-19 12:56:58.0,,0,,,,8179270050,,,TX,woodcrestcapital.com,0,76109,2020-11-19,2020-11-20
401 Congress Avenue,,Austin,7971738,Optizmo Technologies LLC,,US,2020-11-19 12:57:03.0,2020-11-19 12:57:03.0,,0,,,,5126876272,,,TX,optizmo.com,0,78701,2020-11-19,2020-11-20
1616 Corporate Court,Suite 140,Irving,7971739,"Sagiss, LLC",,US,2020-11-19 12:57:07.0,2020-11-19 12:57:07.0,,0,,,,2142765976,,,TX,sagiss.com,0,75038,2020-11-19,2020-11-20
15950 Dallas Parkway,,Dallas,7971740,OmniSYS,,US,2020-11-19 12:57:11.0,2020-11-19 12:57:11.0,,0,,,,19034550461,,,TX,omnisys.com,0,75248,2020-11-19,2020-11-20
1455 W LOOP S,STE 250,Houston,7971741,"SigniaDocs, Inc.",,US,2020-11-19 12:57:15.0,2020-11-19 12:57:15.0,,0,,,,8777744642,,,TX,signiadocs.com,0,77027,2020-11-19,2020-11-20
1401 W PECAN,,Pflugerville,7971743,PFLUGERVILLE INDEPENDENT SCHOOL DISTRICT,,US,2020-11-19 12:58:46.0,2020-11-19 12:58:46.0,,0,,,,5125940000,,,TX,pfisd.net,0,78660,2020-11-19,2020-11-20
1219 W 6th St,,Austin,7971746,"L7 Informatics, Inc.",,US,2020-11-19 13:01:26.0,2020-11-19 13:01:26.0,,0,,,,18884615227,,,TX,l7informatics.com,0,78703,2020-11-19,2020-11-20
1400 Broadfield Boulevard,,Houston,7971747,IGP Methanol,,US,2020-11-19 13:01:30.0,2020-11-19 13:01:30.0,,0,,,,14153490058,,,TX,igpmethanol.com,0,77084,2020-11-19,2020-11-20
11612 FM 2244 Rd,,Austin,7971748,Trendline Interactive,,US,2020-11-19 13:01:37.0,2020-11-19 13:01:37.0,,0,,,,5039288438,,,TX,trendlineinteractive.com,0,78738,2020-11-19,2020-11-20
11399 SOCORRO RD,,El Paso,7971749,Ysleta ISD,,US,2020-11-19 13:01:41.0,2020-11-19 13:01:41.0,,0,,,,9159370000,,,TX,yisd.net,0,79927,2020-11-19,2020-11-20
300 E HIGHLAND MALL BLVD,STE 300,Austin,7971750,5Point Enterprises,,US,2020-11-19 13:01:46.0,2020-11-19 13:01:46.0,,0,,,,5123499555,,,TX,5pe.com,0,78752,2020-11-19,2020-11-20
5030 Riverside Dr,STE 716,Irving,7971751,Solovis,,US,2020-11-19 13:01:52.0,2020-11-19 13:01:52.0,,0,,,,16782344583,,,TX,solovis.com,0,75039,2020-11-19,2020-11-20
8144 Walnut Hill Lane,,Dallas,7971752,"Catapult Health, LLC",,US,2020-11-19 13:01:56.0,2020-11-19 13:01:56.0,,0,,,,12147852200,,,TX,catapulthealth.com,0,75231,2020-11-19,2020-11-20
2211 Northeast Interstate 410 Loop,,San Antonio,7971753,GPM Life Insurance Co.,,US,2020-11-19 13:02:01.0,2020-11-19 13:02:01.0,,0,,,,2103572222,,,TX,gpmlife.com,0,78217,2020-11-19,2020-11-20
8411 Sterling St,,Irving,7971755,"VIO Integration, Inc.",,US,2020-11-19 13:02:25.0,2020-11-19 13:02:25.0,,0,,,,8668243890,,,TX,viointegration.com,0,75063,2020-11-19,2020-11-20
3700 South Stonebridge Drive,,McKinney,7971756,Torchmark Corporation,,US,2020-11-19 13:02:29.0,2020-11-19 13:02:29.0,,0,,,,19725694000,,,TX,torchmarkcorp.com,1454372,75070,2020-11-19,2020-11-20
3200 Gracie Kiltz Lane,,Austin,7971759,Zilker Technology Inc.,,US,2020-11-19 13:03:45.0,2020-11-19 13:03:45.0,,0,,,,8776162285,,,TX,ztech.io,0,78758,2020-11-19,2020-11-20
10350 Richmond Avenue,,Houston,7971757,Seabed Geosolutions,,US,2020-11-19 13:02:33.0,2020-11-19 13:02:33.0,,0,,,,,,,TX,sbgs.com,0,77042,2020-11-19,2020-11-20
128 W 154TH ST,,Gardena,7971758,"Valence Surface Technologies, Inc.",,US,2020-11-19 13:03:31.0,2020-11-19 13:03:31.0,,0,,,,3237700240,,,CA,valencest.com,1450080,90248,2020-11-19,2020-11-20
401 CONGRESS AVE,FROST TOWER 29TH FLOOR,Austin,7971760,Magnitude Software Inc,,US,2020-11-19 13:03:49.0,2020-11-19 13:03:49.0,,0,,,,8664663849,,,TX,magnitudesoftware.com,0,78701,2020-11-19,2020-11-20
2901 VIA FORTUNA,STE 200,Austin,7971761,Enverus,,US,2020-11-19 13:03:54.0,2020-11-19 13:03:54.0,,0,,,,5122256374,,,TX,enverus.com,0,78746,2020-11-19,2020-11-20
3000 E Cesar Chavez St,,Austin,7971762,Bound,,US,2020-11-19 13:03:58.0,2020-11-19 13:03:58.0,,0,,,,15125831853,,,TX,bound360.com,0,78702,2020-11-19,2020-11-20
14180 Dallas Parkway,,Dallas,7971763,Compass Datacenters LLC,,US,2020-11-19 13:04:03.0,2020-11-19 13:04:03.0,,0,,,,12145076691,,,TX,compassdatacenters.com,0,75254,2020-11-19,2020-11-20
1100 Northwest Loop 410,STE 700,San Antonio,7971764,"ThreatGuard, Inc.",,US,2020-11-19 13:04:07.0,2020-11-19 13:04:07.0,,0,,,,2104904018,,,TX,threatguard.com,0,78213,2020-11-19,2020-11-20
101 W 6th St,,Austin,7971765,Hypergiant,,US,2020-11-19 13:04:18.0,2020-11-19 13:04:18.0,,0,,,,7378084055,,,TX,hypergiant.com,0,78701,2020-11-19,2020-11-20
4771 Sweetwater Boulevard,,Sugar Land,7971766,AdvoLogix,,US,2020-11-19 13:04:22.0,2020-11-19 13:04:22.0,,0,,,,8888982386,,,TX,advologix.com,0,77479,2020-11-19,2020-11-20
1702 Houston Street,,Laredo,7971767,Laredo Independent School District,,US,2020-11-19 13:04:40.0,2020-11-19 13:04:40.0,,0,,,,19567954090,,,TX,laredoisd.org,0,78040,2020-11-19,2020-11-20
4555 Excel Parkway,STE 500,Addison,7971768,Lone Star Analysis,,US,2020-11-19 13:04:51.0,2020-11-19 13:04:51.0,,0,,,,9726909494,,,TX,lone-star.com,0,75001,2020-11-19,2020-11-20
7901 WOODWAY DR,STE 200,Waco,7971769,InterviewStream,,US,2020-11-19 13:05:07.0,2020-11-19 13:05:07.0,,0,,,,8777733164,,,TX,interviewstream.com,0,76712,2020-11-19,2020-11-20
,,San Antonio,7971770,Progenerative Medical,,US,2020-11-19 13:05:12.0,2020-11-19 13:05:12.0,,0,,,,,,,TX,progenerative.com,0,78201,2020-11-19,2020-11-20
17146 Feathercraft Lane,STE 202,Webster,7971771,Houston Mechatronics,,US,2020-11-19 13:05:16.0,2020-11-19 13:05:16.0,,0,,,,12819429069,,,TX,houstonmechatronics.com,0,77598,2020-11-19,2020-11-20
5307 East Mockingbird Lane,,Dallas,7971772,GDS Link,,US,2020-11-19 13:05:20.0,2020-11-19 13:05:20.0,,0,,,,12142565916,,,TX,gdslink.com,0,75206,2020-11-19,2020-11-20
241 Pine Street,,Abilene,7971773,Abilene ISD,,US,2020-11-19 13:06:43.0,2020-11-19 13:06:43.0,,0,,,,3256714736,,,TX,abileneisd.org,0,79601,2020-11-19,2020-11-20
1304 North Plum Grove Road,,Schaumburg,7971774,Haeger Engineering,,US,2020-11-19 13:06:47.0,2020-11-19 13:06:47.0,,0,,,,8473946600,,,IL,haegerengineering.com,0,60173,2020-11-19,2020-11-20
300 East 26th Street,,Bryan,7971775,Brazos County,,US,2020-11-19 13:06:51.0,2020-11-19 13:06:51.0,,0,,,,9793614440,,,TX,brazoscountytx.gov,0,77803,2020-11-19,2020-11-20
13729 RESEARCH BLVD,STE 735,Austin,7971776,Alamo Drafthouse Cinema Ltd.,,US,2020-11-19 13:06:55.0,2020-11-19 13:06:55.0,,0,,,,15128617404,,,TX,drafthouse.com,0,68138,2020-11-19,2020-11-20
2222 Rio Grande Street,,Austin,7971777,Tenfold Corp.,,US,2020-11-19 13:06:59.0,2020-11-19 13:06:59.0,,0,,,,14155991170,,,TX,tenfold.com,0,78705,2020-11-19,2020-11-20
3809 South 2nd Street,,Austin,7971779,Workhorse Marketing,,US,2020-11-19 13:07:06.0,2020-11-19 13:07:06.0,,0,,,,5129107017,,,TX,workhorsemkt.com,0,78704,2020-11-19,2020-11-20
3131 Cross Timbers Road,,Flower Mound,7971780,valutracsoftware,,US,2020-11-19 13:07:17.0,2020-11-19 13:07:17.0,,0,,,,9729963206,,,TX,valutracsoftware.com,0,75028,2020-11-19,2020-11-20
3400 N Central Expy,,Richardson,7971785,Hashgraph,,US,2020-11-19 13:10:02.0,2020-11-19 13:10:02.0,,0,,,,18002176415,,,TX,hashgraph.com,0,75080,2020-11-19,2020-11-20
4100 Midway Road,STE 450,Carrollton,7971786,CrowdReason LLC,,US,2020-11-19 13:10:06.0,2020-11-19 13:10:06.0,,0,,,,2142927767,,,TX,crowdreason.com,0,75007,2020-11-19,2020-11-20
401 Congress Avenue,,Austin,7971787,Baxter Research Center Inc.,,US,2020-11-19 13:10:11.0,2020-11-19 13:10:11.0,,0,,,,5128351190,,,TX,brc.com,0,55044,2020-11-19,2020-11-20
1044 Liberty Park Dr,,Austin,7971788,Data Foundry,,US,2020-11-19 13:10:15.0,2020-11-19 13:10:15.0,,0,,,,15126849000,,,TX,datafoundry.com,1424113,78746,2020-11-19,2020-11-20
4807 Spicewood Springs Road,2222 BLDG 5-200,Austin,7971789,Voyant,,US,2020-11-19 13:10:19.0,2020-11-19 13:10:19.0,,0,,,,5123420079,,,TX,planwithvoyant.com,0,78759,2020-11-19,2020-11-20
11900 Ranch Road 620 North,,Austin,7971790,"Builder Homesite, Inc.",,US,2020-11-19 13:10:23.0,2020-11-19 13:10:23.0,,0,,,,5123713800,,,TX,builderhomesite.com,0,78750,2020-11-19,2020-11-20
4970 Landmark Pl,,Dallas,7971791,"Exponent Technologies, Inc.",,US,2020-11-19 13:10:28.0,2020-11-19 13:10:28.0,,0,,,,12149874567,,,TX,exponenthr.com,0,75254,2020-11-19,2020-11-20
6314 DELTA DR,,El Paso,7971792,El Paso County,,US,2020-11-19 13:10:32.0,2020-11-19 13:10:32.0,,0,,,,9155468167,,,TX,epcounty.com,0,79901,2020-11-19,2020-11-20
1120 South Capital of Texas Highway,,Austin,7971793,humanN,,US,2020-11-19 13:10:36.0,2020-11-19 13:10:36.0,,0,,,,5127322240,,,TX,humann.com,0,78746,2020-11-19,2020-11-20
1506 Bexar Crossing,,San Antonio,7971794,BCFS,,US,2020-11-19 13:10:43.0,2020-11-19 13:10:43.0,,0,,,,2108325000,,,TX,bcfs.net,0,78232,2020-11-19,2020-11-20
11910 Anderson Mill Rd,,Austin,7971795,Fringe Benefit Group,,US,2020-11-19 13:10:47.0,2020-11-19 13:10:47.0,,0,,,,5123494760,,,TX,fbg.com,0,78726,2020-11-19,2020-11-20
305 Intergraph Way,STE 480,Houston,7971796,"Intergraph CADWorx & Analysis Solutions, Inc.",,US,2020-11-19 13:10:52.0,2020-11-19 13:10:52.0,,0,,,,2818904566,,,TX,coade.com,0,77070,2020-11-19,2020-11-20
45 Prospect Street,,Cambridge,7971797,Burstworks,,US,2020-11-19 13:10:56.0,2020-11-19 13:10:56.0,,0,,,,8885569655,,,MA,burstworks.com,0,91789,2020-11-19,2020-11-20
500 Chestnut Street,STE 1277,Abilene,7971798,"Pharos Resources, LLC",,US,2020-11-19 13:12:22.0,2020-11-19 13:12:22.0,,0,,,,8007046043,,,TX,pharosresources.com,0,79601,2020-11-19,2020-11-20
750 Canyon Drive,,Coppell,7971799,Geoforce,,US,2020-11-19 13:12:32.0,2020-11-19 13:12:32.0,,0,,,,9725463878,,,TX,geoforce.com,1450080,75019,2020-11-19,2020-11-20
605 TERRELL HILL DR,,Austin,7971800,"SPYCLOUD, INC.",,US,2020-11-19 13:12:40.0,2020-11-19 13:12:40.0,,0,,,,18005132502,,,TX,spycloud.com,0,78704,2020-11-19,2020-11-20
48 East Avenue,,Austin,7971801,NarrativeDx,,US,2020-11-19 13:12:44.0,2020-11-19 13:12:44.0,,0,,,,15125710808,,,TX,narrativedx.com,0,78701,2020-11-19,2020-11-20
,,,7971803,dcheeta.com,,,2020-11-19 13:12:54.0,2020-11-19 13:12:54.0,,0,,,,,,,,dcheeta.com,0,,2020-11-19,2020-11-20
7101 Easy Wind Drive,,Austin,7971804,Atlas Wearables,,US,2020-11-19 13:12:58.0,2020-11-19 13:12:58.0,,0,,,,8003488745,,,TX,atlaswearables.com,0,78752,2020-11-19,2020-11-20
5005 Lyndon B Johnson Fwy,"OCCIDENTAL TOWER, STE 1100",Dallas,7971805,Appspace,,US,2020-11-19 13:13:09.0,2020-11-19 13:13:09.0,,0,,,,12142337114,,,TX,appspace.com,0,75244,2020-11-19,2020-11-20
400 South Akard Street,STE 1900,Baltimore,7971806,"Edge Hosting, LLC",,US,2020-11-19 13:13:13.0,2020-11-19 13:13:13.0,,0,,,,4102468800,,,MD,edgehosting.com,0,21202,2020-11-19,2020-11-20
12222 Merit Drive,STE 310,Dallas,7971808,Ascendix,,US,2020-11-19 13:13:17.0,2020-11-19 13:13:17.0,,0,,,,9728898090,,,TX,ascendix.com,0,75251,2020-11-19,2020-11-20
350 CAMBRIDGE AVE,STE 250,Palo Alto,7971809,Telestax,,US,2020-11-19 13:13:22.0,2020-11-19 13:13:22.0,,0,,,,15129703297,,,CA,telestax.com,0,78749,2020-11-19,2020-11-20
110 San Antonio St,,Austin,7971810,Digital Turbine,,US,2020-11-19 13:13:25.0,2020-11-19 13:13:25.0,,0,,,,15123877717,,,TX,digitalturbine.com,1448851,78701,2020-11-19,2020-11-20
4900 TIEDEMAN RD,4TH FL,Cleveland,7971811,Victory Capital,,US,2020-11-19 13:13:36.0,2020-11-19 13:13:36.0,,0,,,,12168982555,,,OH,vcm.com,0,44144,2020-11-19,2020-11-20
4901 E Cesar Chavez St,,Austin,7971812,Coder Technologies Inc,,US,2020-11-19 13:13:47.0,2020-11-19 13:13:47.0,,0,,,,,,,TX,coder.com,0,78702,2020-11-19,2020-11-20
211 North Ervay Street,,Dallas,7971813,"Traxo, Inc.",,US,2020-11-19 13:13:51.0,2020-11-19 13:13:51.0,,0,,,,12143515200,,,TX,traxo.com,0,75201,2020-11-19,2020-11-20
,,San Antonio,7971816,FunnelAI,,US,2020-11-19 13:16:41.0,2020-11-19 13:16:41.0,,0,,,,,,,TX,funnelai.co,0,78205,2020-11-19,2020-11-20
1200 17th Street,STE 200,Houston,7971817,"Mercer Advisors, Inc.",,US,2020-11-19 13:16:45.0,2020-11-19 13:16:45.0,,0,,,,18055652530,,,TX,kanaly.com,0,77056,2020-11-19,2020-11-20
2221 Lakeside Blvd,STE 550,Richardson,7971818,Reflect Systems,,US,2020-11-19 13:18:10.0,2020-11-19 13:18:10.0,,0,,,,2144133200,,,TX,reflectsystems.com,0,75082,2020-11-19,2020-11-20
7 STETSON ST,,Boston,7971819,Akouos,,US,2020-11-19 13:18:14.0,2020-11-19 13:18:14.0,,0,,,,,,,MA,akouos.com,0,02446,2020-11-19,2020-11-20
400 South Greenville Avenue,,Richardson,7971820,RICHARDSON INDEPENDENT SCHOOL DISTRICT,,US,2020-11-19 13:18:21.0,2020-11-19 13:18:21.0,,0,,,,4695936000,,,TX,risd.org,1454372,75081,2020-11-19,2020-11-20
601 Silveron Boulevard,,Flower Mound,7971822,"Webcetera, L.P.",,US,2020-11-19 13:19:53.0,2020-11-19 13:19:53.0,,0,,,,8779322382,,,TX,webcetera.com,0,75028,2020-11-19,2020-11-20
2700 Meacham Boulevard,,Fort Worth,7971823,Camp Fire First Texas,,US,2020-11-19 13:19:57.0,2020-11-19 13:19:57.0,,0,,,,8178312111,,,TX,campfirefw.org,0,76137,2020-11-19,2020-11-20
11044 Research Boulevard,STE A-210,Austin,7971824,"Dovetail Software, Inc.",,US,2020-11-19 13:20:02.0,2020-11-19 13:20:02.0,,0,,,,5126105400,,,TX,dovetailsoftware.com,0,78759,2020-11-19,2020-11-20
720 Brazos St,,Austin,7971826,"PullRequest, Inc.",,US,2020-11-19 13:20:47.0,2020-11-19 13:20:47.0,,0,,,,18337855737,,,TX,pullrequest.com,0,78701,2020-11-19,2020-11-20
71 West 23rd Street,,New York,7971827,"Watermark, LLC",,US,2020-11-19 13:20:51.0,2020-11-19 13:20:51.0,,0,,,,18003115656,,,NY,watermarkinsights.com,0,10010,2020-11-19,2020-11-20
3002a Commerce Street,,Dallas,7971828,"Media Defined, Inc.",,US,2020-11-19 13:20:58.0,2020-11-19 13:20:58.0,,0,,,,12146531120,,,TX,netexam.com,0,75226,2020-11-19,2020-11-20
300 N Coit Rd,,Richardson,7971829,"Cyber Defense Labs, LLC",,US,2020-11-19 13:21:08.0,2020-11-19 13:21:08.0,,0,,,,9724540266,,,TX,cyberdefenselabs.com,0,75080,2020-11-19,2020-11-20
13100 Wortham Center Drive,,Houston,7971832,Blindster.com,,US,2020-11-19 13:22:33.0,2020-11-19 13:22:33.0,,0,,,,12812130651,,,TX,blindster.com,0,77065,2020-11-19,2020-11-20
2200 Thousand Oaks,STE 100,San Antonio,7971833,"MCCLELLAND AND HINE, INC",,US,2020-11-19 13:22:40.0,2020-11-19 13:22:40.0,,0,,,,12132364510,,,TX,mhi-tx.com,0,78232,2020-11-19,2020-11-20
4747 Research Forest Dr,STE 180 #246,Houston,7971834,GoCo,,US,2020-11-19 13:22:44.0,2020-11-19 13:22:44.0,,0,,,,14125934626,,,TX,goco.io,0,77060,2020-11-19,2020-11-20
3500 Airborn Circle,,Georgetown,7971835,AirBorn Inc.,,US,2020-11-19 13:22:48.0,2020-11-19 13:22:48.0,,0,,,,19729313200,,,TX,airborn.com,0,78626,2020-11-19,2020-11-20
200 W Cesar Chavez St,,Austin,7971836,Enthought,,US,2020-11-19 13:22:58.0,2020-11-19 13:22:58.0,,0,,,,15125361057,,,TX,enthought.com,0,78701,2020-11-19,2020-11-20
7000 MoPac Expressway,STE 200,Austin,7971837,Edgile,,US,2020-11-19 13:23:02.0,2020-11-19 13:23:02.0,,0,,,,5122410919,,,TX,edgile.com,0,78731,2020-11-19,2020-11-20
411 BRAZOS ST,STE 101,Austin,7971838,Eagle Eye Networks,,US,2020-11-19 13:23:06.0,2020-11-19 13:23:06.0,,0,,,,5124730500,,,TX,eagleeyenetworks.com,0,78701,2020-11-19,2020-11-20
17806 West Interstate 10 Frontage Road,,San Antonio,7971839,MortgageLaw,,US,2020-11-19 13:23:14.0,2020-11-19 13:23:14.0,,0,,,,2103494488,,,TX,mortgagelaw.com,0,78257,2020-11-19,2020-11-20
197 1st Avenue,STE 627,Needham,7971840,Chargify LLC,,US,2020-11-19 13:23:18.0,2020-11-19 13:23:18.0,,0,,,,18004012414,,,TX,chargify.com,0,78205,2020-11-19,2020-11-20
6860 Dallas Parkway,,Plano,7971841,ClearDB,,US,2020-11-19 13:23:22.0,2020-11-19 13:23:22.0,,0,,,,4698283439,,,TX,cleardb.com,0,75024,2020-11-19,2020-11-20
,,Austin,7971842,Place Technology,,US,2020-11-19 13:23:26.0,2020-11-19 13:23:26.0,,0,,,,,,,TX,placetechnology.com,0,,2020-11-19,2020-11-20
1177 NE Loop 410,,San Antonio,7971843,Broadway Bank,,US,2020-11-19 13:23:30.0,2020-11-19 13:23:30.0,,0,,,,2102836500,,,TX,broadwaybank.com,0,78209,2020-11-19,2020-11-20
1519 Interstate 30 Frontage Road,,Greenville,7971847,Innovation First,,US,2020-11-19 13:24:56.0,2020-11-19 13:24:56.0,,0,,,,19034530810,,,TX,innovationfirst.com,0,75402,2020-11-19,2020-11-20
9111 Research Boulevard,,Austin,7971848,SixPackAbs.com,,US,2020-11-19 13:25:06.0,2020-11-19 13:25:06.0,,0,,,,18006558576,,,TX,sixpackabs.com,0,78758,2020-11-19,2020-11-20
906 Hillcrest Drive North,,Sulphur Springs,7971849,"ACCESS EFORMS, LP",,US,2020-11-19 13:25:10.0,2020-11-19 13:25:10.0,,0,,,,9035084878,,,TX,accessefm.com,0,75482,2020-11-19,2020-11-20
6500 River Place Boulevard,STE 125,Austin,7971850,CollabIP,,US,2020-11-19 13:25:15.0,2020-11-19 13:25:15.0,,0,,,,15127656929,,,TX,collabip.com,0,78730,2020-11-19,2020-11-20
11 Greenway Plaza,STE 2600,Houston,7971851,"Alchemy Technology Group, LLC",,US,2020-11-19 13:25:31.0,2020-11-19 13:25:31.0,,0,,,,7132448800,,,TX,alchemytechgroup.com,0,77046,2020-11-19,2020-11-20
715 Corgey Rd,,Pleasanton,7971852,Streamline Innovations,,US,2020-11-19 13:25:34.0,2020-11-19 13:25:34.0,,0,,,,8887876569,,,TX,streamlineinnovations.com,0,78064,2020-11-19,2020-11-20
11130 Jollyville Road,,Austin,7971853,83bar,,US,2020-11-19 13:25:44.0,2020-11-19 13:25:44.0,,0,,,,15125016281,,,TX,go83bar.com,0,78759,2020-11-19,2020-11-20
116 North Tennessee Street,,McKinney,7971854,NETRIO,,US,2020-11-19 13:25:47.0,2020-11-19 13:25:47.0,,0,,,,2148888500,,,TX,netrio.com,0,75069,2020-11-19,2020-11-20
566 West Lake Street,STE 240,Chicago,7971855,HGS Digital,,US,2020-11-19 13:25:55.0,2020-11-19 13:25:55.0,,0,,,,3127551845,,,IL,element115.net,0,60661,2020-11-19,2020-11-20
1501 Lyndon B Johnson Freeway,,Farmers Branch,7971856,Imagine Solutions,,US,2020-11-19 13:26:11.0,2020-11-19 13:26:11.0,,0,,,,2145723600,,,TX,imaginesolutions.com,0,75234,2020-11-19,2020-11-20
2005 Northeast Green Oaks Boulevard,,Arlington,7971857,Insala,,US,2020-11-19 13:26:16.0,2020-11-19 13:26:16.0,,0,,,,18173550939,,,TX,insala.com,0,76006,2020-11-19,2020-11-20
1904 INDUSTRIAL BLVD,STE 103,Colleyville,7971858,Service Fusion,,US,2020-11-19 13:26:26.0,2020-11-19 13:26:26.0,,0,,,,18889020304,,,TX,servicefusion.com,0,75063,2020-11-19,2020-11-20
15301 Dallas Pkwy,Bldg B,Addison,7971859,Polte Corp.,,US,2020-11-19 13:26:30.0,2020-11-19 13:26:30.0,,0,,,,4109918529,,,TX,polte.com,0,75081,2020-11-19,2020-11-20
9211 Waterford Centre Blvd,Suite 100,Austin,7971860,Datical,,US,2020-11-19 13:27:59.0,2020-11-19 13:27:59.0,,0,,,,19493284225,,,TX,datical.com,0,78758,2020-11-19,2020-11-20
14549 Minetta St,,Houston,7971861,"SOLUGEN, INC.",,US,2020-11-19 13:28:03.0,2020-11-19 13:28:03.0,,0,,,,17133802134,,,TX,solugentech.com,0,77035,2020-11-19,2020-11-20
2741 East Belt Line Road,,Carrollton,7971862,a360,,US,2020-11-19 13:28:15.0,2020-11-19 13:28:15.0,,0,,,,8472919100,,,TX,a360inc.com,0,75006,2020-11-19,2020-11-20
501 Elm Street,STE 4500,Dallas,7971863,Calise Partners LLC,,US,2020-11-19 13:28:19.0,2020-11-19 13:28:19.0,,0,,,,2142692081,,,TX,calisepartners.com,0,75202,2020-11-19,2020-11-20
12345 Inwood Road,,Dallas,7971864,Jesuit College PreparatorySchool of Dallas,,US,2020-11-19 13:29:49.0,2020-11-19 13:29:49.0,,0,,,,9723878700,,,TX,jesuitcp.org,0,75244,2020-11-19,2020-11-20
8240 N Mopac Expy,STE 470,Austin,7971865,Q1Media,,US,2020-11-19 13:29:56.0,2020-11-19 13:29:56.0,,0,,,,5126826532,,,TX,q1media.com,0,78758,2020-11-19,2020-11-20
141 Lavaca Street,,San Antonio,7971866,San Antonio Independent School District,,US,2020-11-19 13:30:00.0,2020-11-19 13:30:00.0,,0,,,,2102281235,,,TX,saisd.net,0,78210,2020-11-19,2020-11-20
14800 Saint Marys Lane,,Houston,7971868,"OffshoreTech, LLC",,US,2020-11-19 13:30:04.0,2020-11-19 13:30:04.0,,0,,,,2818534425,,,TX,offshoretechllc.com,0,77079,2020-11-19,2020-11-20
12345 Jones Road,,Houston,7971869,MindMesh,,US,2020-11-19 13:30:08.0,2020-11-19 13:30:08.0,,0,,,,17134897798,,,TX,mindmeshtech.com,0,77070,2020-11-19,2020-11-20
3801 S Capital of Texas Hwy,,Austin,7971870,FlashParking Inc,,US,2020-11-19 13:30:24.0,2020-11-19 13:30:24.0,,0,,,,8002133706,,,TX,flashparking.com,0,78704,2020-11-19,2020-11-20
10101 Stafford Centre Dr #b,Suite B,Stafford,7971871,CPAP.com,,US,2020-11-19 13:30:27.0,2020-11-19 13:30:27.0,,0,,,,8003565221,,,TX,cpap.com,0,77477,2020-11-19,2020-11-20
6 Grundingen,,Oslo,7971872,Agrinos,,US,2020-11-19 13:30:31.0,2020-11-19 13:30:31.0,,0,,,,,,,CA,agrinos.com,0,95618,2020-11-19,2020-11-20
7500 Rialto Blvd,,Austin,7971873,Medici,,US,2020-11-19 13:30:35.0,2020-11-19 13:30:35.0,,0,,,,15129823310,,,TX,medici.md,0,19808,2020-11-19,2020-11-20
1017 East 6th Street,,Austin,7971874,Maggie Louise Confections,,US,2020-11-19 13:30:45.0,2020-11-19 13:30:45.0,,0,,,,15128400233,,,TX,maggielouiseconfections.com,0,78702,2020-11-19,2020-11-20
2201 Donley Dr,STE 200E,Austin,7971875,Loan Science,,US,2020-11-19 13:30:48.0,2020-11-19 13:30:48.0,,0,,,,5125012400,,,TX,loanscience.com,0,78758,2020-11-19,2020-11-20
11000 North Mopac Expressway,Flawn Academic Center at the University of Texas,Austin,7971876,Briggo Inc.,,US,2020-11-19 13:30:51.0,2020-11-19 13:30:51.0,,0,,,,5124159563,,,TX,briggo.com,0,78664,2020-11-19,2020-11-20
137 National Plz,STE J,Lanham,7971879,BeaKen Systems & Technology Solutions,,US,2020-11-19 13:31:15.0,2020-11-19 13:31:15.0,,0,,,,3016366255,,,MD,beakensolutions.com,0,20706,2020-11-19,2020-11-20
,,,7971906,Fake Book,Other,US,2020-11-19 14:31:40.0,2020-11-20 13:59:04.0,,0,,,,,Robert Luse,,,,1470013,,2020-11-19,2020-11-20
1601 Dove Street,STE 200,Newport Beach,7971920,"Alliant Insurance Services, Inc.",,US,2020-11-19 15:08:25.0,2020-11-19 15:08:25.0,,0,,,,19492605081,,,CA,alliant.com,0,92660,2020-11-19,2020-11-20
,,,7972022,bowmoregroup.com,,,2020-11-19 17:28:24.0,2020-11-19 17:28:24.0,,0,,,,,,,,bowmoregroup.com,0,,2020-11-19,2020-11-20
124 Raymond Avenue,,Poughkeepsie,7972201,Vassar College,,US,2020-11-20 10:13:56.0,2020-11-20 10:13:56.0,,0,,,,8454377000,,,NY,vassar.edu,0,12604,2020-11-19,2020-11-20
,,,7972217,Keyper Marketing,,US,2020-11-20 10:45:12.0,2020-11-20 10:45:12.0,,0,,,,,,,,,1394817,,2020-11-19,2020-11-20
,,,7972224,davis company,,US,2020-11-20 10:49:00.0,2020-11-20 10:49:00.0,,0,,,,,,,,,1394817,,2020-11-19,2020-11-20
100 WILLIAM ST,STE 100,,7972244,Blume Global,,US,2020-11-20 11:18:56.0,2020-11-20 11:18:56.0,,0,,,,17812630200,,,,blumeglobal.com,0,94588,2020-11-19,2020-11-20
7999 PO Box,,Dallas,7972264,FAMILY PLACE INC,,US,2020-11-20 11:48:55.0,2020-11-20 11:48:55.0,,0,,,,2145592170,,,TX,familyplace.org,0,75209,2020-11-19,2020-11-20
1400 Bridge Parkway,,Redwood City,7972432,Xtime Inc.,,US,2020-11-20 17:46:48.0,2020-11-20 17:46:48.0,,0,,,,16506534000,,,CA,xtime.com,0,94065,2020-11-19,2020-11-20
6205 Peachtree Dunwoody Road,STE 1200,Sandy Springs,7972434,COX MEDIA,,US,2020-11-20 18:03:09.0,2020-11-20 18:03:09.0,,0,,,,4048435000,,,GA,coxmedia.com,0,30328,2020-11-19,2020-11-20
